{
    "msm_id": "67ed398dc045f209793ab8ee",
    "aoi_min": 17.8279876708984,
    "aoi_max": 38.8259887695312,
    "aois": [
        {
            "Timestamp": 1743600015.205023,
            "AoI": 23.734092712402298
        },
        {
            "Timestamp": 1743600015.30507,
            "AoI": 23.6258506774902
        },
        {
            "Timestamp": 1743600015.405074,
            "AoI": 23.4928131103515
        },
        {
            "Timestamp": 1743600015.505072,
            "AoI": 23.3540534973144
        },
        {
            "Timestamp": 1743600015.605072,
            "AoI": 23.221969604492102
        },
        {
            "Timestamp": 1743600015.705073,
            "AoI": 23.1032371520996
        },
        {
            "Timestamp": 1743600015.809074,
            "AoI": 26.9889831542968
        },
        {
            "Timestamp": 1743600015.905073,
            "AoI": 22.8819847106933
        },
        {
            "Timestamp": 1743600016.005074,
            "AoI": 22.778034210205
        },
        {
            "Timestamp": 1743600016.1033,
            "AoI": 20.898103713989197
        },
        {
            "Timestamp": 1743600016.205071,
            "AoI": 22.5610733032226
        },
        {
            "Timestamp": 1743600016.30507,
            "AoI": 22.4559307098388
        },
        {
            "Timestamp": 1743600016.405074,
            "AoI": 22.3548412322998
        },
        {
            "Timestamp": 1743600016.505074,
            "AoI": 22.2470760345459
        },
        {
            "Timestamp": 1743600016.605073,
            "AoI": 22.1378803253173
        },
        {
            "Timestamp": 1743600016.703805,
            "AoI": 20.7650661468505
        },
        {
            "Timestamp": 1743600016.811078,
            "AoI": 27.933120727539
        },
        {
            "Timestamp": 1743600016.909073,
            "AoI": 25.827169418334897
        },
        {
            "Timestamp": 1743600017.005075,
            "AoI": 21.724939346313402
        },
        {
            "Timestamp": 1743600017.105098,
            "AoI": 21.6450691223144
        },
        {
            "Timestamp": 1743600017.221073,
            "AoI": 37.5168323516845
        },
        {
            "Timestamp": 1743600017.303559,
            "AoI": 19.8991298675537
        },
        {
            "Timestamp": 1743600017.406062,
            "AoI": 22.2988128662109
        },
        {
            "Timestamp": 1743600017.509075,
            "AoI": 25.2079963684082
        },
        {
            "Timestamp": 1743600017.605073,
            "AoI": 21.0990905761718
        },
        {
            "Timestamp": 1743600017.711079,
            "AoI": 26.9978046417236
        },
        {
            "Timestamp": 1743600017.806944,
            "AoI": 22.754907608032198
        },
        {
            "Timestamp": 1743600017.911074,
            "AoI": 26.7808437347412
        },
        {
            "Timestamp": 1743600018.011071,
            "AoI": 26.6749858856201
        },
        {
            "Timestamp": 1743600018.109067,
            "AoI": 24.5699882507324
        },
        {
            "Timestamp": 1743600018.209089,
            "AoI": 24.488925933837802
        },
        {
            "Timestamp": 1743600018.305088,
            "AoI": 20.3800201416015
        },
        {
            "Timestamp": 1743600018.411071,
            "AoI": 26.2510776519775
        },
        {
            "Timestamp": 1743600018.511086,
            "AoI": 26.155948638915998
        },
        {
            "Timestamp": 1743600018.611084,
            "AoI": 26.0469913482666
        },
        {
            "Timestamp": 1743600018.709076,
            "AoI": 23.9338874816894
        },
        {
            "Timestamp": 1743600018.813529,
            "AoI": 28.2831192016601
        },
        {
            "Timestamp": 1743600018.909077,
            "AoI": 23.7219333648681
        },
        {
            "Timestamp": 1743600019.008517,
            "AoI": 23.055076599121
        },
        {
            "Timestamp": 1743600019.109076,
            "AoI": 23.510932922363203
        },
        {
            "Timestamp": 1743600019.211084,
            "AoI": 25.4149436950683
        },
        {
            "Timestamp": 1743600019.309071,
            "AoI": 23.292064666747997
        },
        {
            "Timestamp": 1743600019.40907,
            "AoI": 23.1790542602539
        },
        {
            "Timestamp": 1743600019.509078,
            "AoI": 23.0679512023925
        },
        {
            "Timestamp": 1743600019.611082,
            "AoI": 24.9621868133544
        },
        {
            "Timestamp": 1743600019.709076,
            "AoI": 22.8438377380371
        },
        {
            "Timestamp": 1743600019.809082,
            "AoI": 22.7389335632324
        },
        {
            "Timestamp": 1743600019.911084,
            "AoI": 24.6319770812988
        },
        {
            "Timestamp": 1743600020.009164,
            "AoI": 22.6001739501953
        },
        {
            "Timestamp": 1743600020.109079,
            "AoI": 22.4058628082275
        },
        {
            "Timestamp": 1743600020.209928,
            "AoI": 23.146152496337802
        },
        {
            "Timestamp": 1743600020.309076,
            "AoI": 22.184133529663
        },
        {
            "Timestamp": 1743600020.411082,
            "AoI": 24.0790843963623
        },
        {
            "Timestamp": 1743600020.511082,
            "AoI": 23.9689350128173
        },
        {
            "Timestamp": 1743600020.613078,
            "AoI": 25.857210159301697
        },
        {
            "Timestamp": 1743600020.709078,
            "AoI": 21.746158599853498
        },
        {
            "Timestamp": 1743600020.811082,
            "AoI": 23.6408710479736
        },
        {
            "Timestamp": 1743600020.909075,
            "AoI": 21.5370655059814
        },
        {
            "Timestamp": 1743600021.021086,
            "AoI": 32.8738689422607
        },
        {
            "Timestamp": 1743600021.113162,
            "AoI": 24.8291492462158
        },
        {
            "Timestamp": 1743600021.213077,
            "AoI": 24.623155593872
        },
        {
            "Timestamp": 1743600021.309075,
            "AoI": 20.5090045928955
        },
        {
            "Timestamp": 1743600021.411079,
            "AoI": 22.390842437744098
        },
        {
            "Timestamp": 1743600021.50907,
            "AoI": 20.2620029449462
        },
        {
            "Timestamp": 1743600021.617164,
            "AoI": 28.2368659973144
        },
        {
            "Timestamp": 1743600021.711081,
            "AoI": 21.5039253234863
        },
        {
            "Timestamp": 1743600021.809162,
            "AoI": 19.464969635009698
        },
        {
            "Timestamp": 1743600021.909074,
            "AoI": 19.258975982665998
        },
        {
            "Timestamp": 1743600022.011079,
            "AoI": 21.1529731750488
        },
        {
            "Timestamp": 1743600022.109071,
            "AoI": 19.0250873565673
        },
        {
            "Timestamp": 1743600022.21108,
            "AoI": 20.914077758789
        },
        {
            "Timestamp": 1743600022.313072,
            "AoI": 22.7868556976318
        },
        {
            "Timestamp": 1743600022.40915,
            "AoI": 18.7427997589111
        },
        {
            "Timestamp": 1743600022.50907,
            "AoI": 18.543004989624
        },
        {
            "Timestamp": 1743600022.62515,
            "AoI": 34.3449115753173
        },
        {
            "Timestamp": 1743600022.721151,
            "AoI": 30.2281379699707
        },
        {
            "Timestamp": 1743600022.81715,
            "AoI": 26.1080265045166
        },
        {
            "Timestamp": 1743600022.913148,
            "AoI": 21.9879150390625
        },
        {
            "Timestamp": 1743600023.01307,
            "AoI": 21.7921733856201
        },
        {
            "Timestamp": 1743600023.117065,
            "AoI": 25.6688594818115
        },
        {
            "Timestamp": 1743600023.225145,
            "AoI": 33.6301326751709
        },
        {
            "Timestamp": 1743600023.32115,
            "AoI": 29.0160179138183
        },
        {
            "Timestamp": 1743600023.41715,
            "AoI": 24.8949527740478
        },
        {
            "Timestamp": 1743600023.513146,
            "AoI": 20.7748413085937
        },
        {
            "Timestamp": 1743600023.613069,
            "AoI": 20.576000213622997
        },
        {
            "Timestamp": 1743600023.717067,
            "AoI": 24.4500637054443
        },
        {
            "Timestamp": 1743600023.825152,
            "AoI": 32.4130058288574
        },
        {
            "Timestamp": 1743600023.921146,
            "AoI": 28.285026550292898
        },
        {
            "Timestamp": 1743600024.017146,
            "AoI": 24.165153503417898
        },
        {
            "Timestamp": 1743600024.113151,
            "AoI": 19.5181369781494
        },
        {
            "Timestamp": 1743600024.219199,
            "AoI": 25.4459381103515
        },
        {
            "Timestamp": 1743600024.329155,
            "AoI": 35.2900028228759
        },
        {
            "Timestamp": 1743600024.425153,
            "AoI": 31.1670303344726
        },
        {
            "Timestamp": 1743600024.521154,
            "AoI": 27.0450115203857
        },
        {
            "Timestamp": 1743600024.617154,
            "AoI": 22.9229927062988
        },
        {
            "Timestamp": 1743600024.713156,
            "AoI": 18.8040733337402
        },
        {
            "Timestamp": 1743600024.813074,
            "AoI": 18.6021327972412
        },
        {
            "Timestamp": 1743600024.917076,
            "AoI": 22.486209869384698
        },
        {
            "Timestamp": 1743600025.017072,
            "AoI": 22.1128463745117
        },
        {
            "Timestamp": 1743600025.121151,
            "AoI": 26.072978973388597
        },
        {
            "Timestamp": 1743600025.217152,
            "AoI": 21.952152252197198
        },
        {
            "Timestamp": 1743600025.31315,
            "AoI": 17.8279876708984
        },
        {
            "Timestamp": 1743600025.421073,
            "AoI": 25.6309509277343
        },
        {
            "Timestamp": 1743600025.517073,
            "AoI": 21.5318202972412
        },
        {
            "Timestamp": 1743600025.625152,
            "AoI": 29.4880867004394
        },
        {
            "Timestamp": 1743600025.721156,
            "AoI": 25.3698825836181
        },
        {
            "Timestamp": 1743600025.82702,
            "AoI": 31.113862991333
        },
        {
            "Timestamp": 1743600025.931079,
            "AoI": 35.0518226623535
        },
        {
            "Timestamp": 1743600026.031076,
            "AoI": 34.9290370941162
        },
        {
            "Timestamp": 1743600026.129153,
            "AoI": 32.3600769042968
        },
        {
            "Timestamp": 1743600026.225152,
            "AoI": 28.2399654388427
        },
        {
            "Timestamp": 1743600026.32115,
            "AoI": 24.115085601806598
        },
        {
            "Timestamp": 1743600026.424081,
            "AoI": 26.9241333007812
        },
        {
            "Timestamp": 1743600026.531081,
            "AoI": 33.802986145019496
        },
        {
            "Timestamp": 1743600026.63108,
            "AoI": 33.6828231811523
        },
        {
            "Timestamp": 1743600026.72916,
            "AoI": 31.6441059112548
        },
        {
            "Timestamp": 1743600026.829157,
            "AoI": 31.520128250122
        },
        {
            "Timestamp": 1743600026.925152,
            "AoI": 27.393102645874
        },
        {
            "Timestamp": 1743600027.02115,
            "AoI": 22.8931903839111
        },
        {
            "Timestamp": 1743600027.125731,
            "AoI": 27.3549556732177
        },
        {
            "Timestamp": 1743600027.231079,
            "AoI": 32.5829982757568
        },
        {
            "Timestamp": 1743600027.331077,
            "AoI": 32.4611663818359
        },
        {
            "Timestamp": 1743600027.429153,
            "AoI": 30.4229259490966
        },
        {
            "Timestamp": 1743600027.525153,
            "AoI": 26.300907135009698
        },
        {
            "Timestamp": 1743600027.621154,
            "AoI": 22.181987762451097
        },
        {
            "Timestamp": 1743600027.723425,
            "AoI": 24.333000183105398
        },
        {
            "Timestamp": 1743600027.819406,
            "AoI": 20.1950073242187
        },
        {
            "Timestamp": 1743600027.931079,
            "AoI": 31.7490100860595
        },
        {
            "Timestamp": 1743600028.029155,
            "AoI": 29.2661190032959
        },
        {
            "Timestamp": 1743600028.125154,
            "AoI": 25.1519680023193
        },
        {
            "Timestamp": 1743600028.225783,
            "AoI": 25.6721973419189
        },
        {
            "Timestamp": 1743600028.322366,
            "AoI": 22.145032882690398
        },
        {
            "Timestamp": 1743600028.431078,
            "AoI": 30.745029449462802
        },
        {
            "Timestamp": 1743600028.531076,
            "AoI": 30.6298732757568
        },
        {
            "Timestamp": 1743600028.61845,
            "AoI": 17.892837524414
        },
        {
            "Timestamp": 1743600028.725142,
            "AoI": 24.4760513305664
        },
        {
            "Timestamp": 1743600028.826879,
            "AoI": 26.103019714355398
        },
        {
            "Timestamp": 1743600028.93108,
            "AoI": 30.1949977874755
        },
        {
            "Timestamp": 1743600029.023655,
            "AoI": 22.6600170135498
        },
        {
            "Timestamp": 1743600029.131081,
            "AoI": 29.9761295318603
        },
        {
            "Timestamp": 1743600029.229152,
            "AoI": 27.9269218444824
        },
        {
            "Timestamp": 1743600029.325155,
            "AoI": 23.8199234008789
        },
        {
            "Timestamp": 1743600029.428227,
            "AoI": 26.7798900604248
        },
        {
            "Timestamp": 1743600029.526584,
            "AoI": 25.0248908996582
        },
        {
            "Timestamp": 1743600029.631077,
            "AoI": 29.4010639190673
        },
        {
            "Timestamp": 1743600029.731081,
            "AoI": 29.292106628417898
        },
        {
            "Timestamp": 1743600029.829152,
            "AoI": 27.2510051727294
        },
        {
            "Timestamp": 1743600029.931079,
            "AoI": 29.0679931640625
        },
        {
            "Timestamp": 1743600030.028752,
            "AoI": 26.6330242156982
        },
        {
            "Timestamp": 1743600030.126433,
            "AoI": 24.2037773132324
        },
        {
            "Timestamp": 1743600030.231081,
            "AoI": 28.7420749664306
        },
        {
            "Timestamp": 1743600030.33108,
            "AoI": 28.6290645599365
        },
        {
            "Timestamp": 1743600030.42916,
            "AoI": 26.5970230102539
        },
        {
            "Timestamp": 1743600030.525151,
            "AoI": 22.4781036376953
        },
        {
            "Timestamp": 1743600030.62684,
            "AoI": 24.0600109100341
        },
        {
            "Timestamp": 1743600030.724507,
            "AoI": 21.6190814971923
        },
        {
            "Timestamp": 1743600030.825075,
            "AoI": 21.574020385742102
        },
        {
            "Timestamp": 1743600030.931079,
            "AoI": 27.4579524993896
        },
        {
            "Timestamp": 1743600031.029155,
            "AoI": 25.4240036010742
        },
        {
            "Timestamp": 1743600031.125155,
            "AoI": 21.3148593902587
        },
        {
            "Timestamp": 1743600031.225077,
            "AoI": 21.1279392242431
        },
        {
            "Timestamp": 1743600031.32472,
            "AoI": 20.6608772277832
        },
        {
            "Timestamp": 1743600031.425073,
            "AoI": 20.9019184112548
        },
        {
            "Timestamp": 1743600031.531077,
            "AoI": 26.7779827117919
        },
        {
            "Timestamp": 1743600031.629149,
            "AoI": 24.730920791625902
        },
        {
            "Timestamp": 1743600031.725152,
            "AoI": 20.6210613250732
        },
        {
            "Timestamp": 1743600031.825084,
            "AoI": 20.442008972167898
        },
        {
            "Timestamp": 1743600031.929077,
            "AoI": 24.3239402770996
        },
        {
            "Timestamp": 1743600032.025074,
            "AoI": 20.210981369018498
        },
        {
            "Timestamp": 1743600032.131081,
            "AoI": 26.107072830200103
        },
        {
            "Timestamp": 1743600032.229158,
            "AoI": 24.073839187622
        },
        {
            "Timestamp": 1743600032.325155,
            "AoI": 19.9599266052246
        },
        {
            "Timestamp": 1743600032.425076,
            "AoI": 19.7679996490478
        },
        {
            "Timestamp": 1743600032.529074,
            "AoI": 23.6549377441406
        },
        {
            "Timestamp": 1743600032.625073,
            "AoI": 19.542932510375902
        },
        {
            "Timestamp": 1743600032.731081,
            "AoI": 25.439977645874
        },
        {
            "Timestamp": 1743600032.833076,
            "AoI": 27.3280143737792
        },
        {
            "Timestamp": 1743600032.929074,
            "AoI": 23.216962814330998
        },
        {
            "Timestamp": 1743600033.031079,
            "AoI": 25.113105773925703
        },
        {
            "Timestamp": 1743600033.129075,
            "AoI": 23.000955581665
        },
        {
            "Timestamp": 1743600033.23108,
            "AoI": 24.8961448669433
        },
        {
            "Timestamp": 1743600033.331079,
            "AoI": 24.257898330688402
        },
        {
            "Timestamp": 1743600033.429154,
            "AoI": 22.220849990844698
        },
        {
            "Timestamp": 1743600033.529075,
            "AoI": 22.0320224761962
        },
        {
            "Timestamp": 1743600033.629059,
            "AoI": 21.908044815063402
        },
        {
            "Timestamp": 1743600033.729073,
            "AoI": 21.811962127685497
        },
        {
            "Timestamp": 1743600033.829073,
            "AoI": 21.7030048370361
        },
        {
            "Timestamp": 1743600033.931079,
            "AoI": 23.598909378051697
        },
        {
            "Timestamp": 1743600034.029155,
            "AoI": 21.6090679168701
        },
        {
            "Timestamp": 1743600034.129076,
            "AoI": 21.4109420776367
        },
        {
            "Timestamp": 1743600034.22832,
            "AoI": 20.535945892333903
        },
        {
            "Timestamp": 1743600034.329076,
            "AoI": 21.1730003356933
        },
        {
            "Timestamp": 1743600034.431077,
            "AoI": 23.0538845062255
        },
        {
            "Timestamp": 1743600034.531077,
            "AoI": 22.9349136352539
        },
        {
            "Timestamp": 1743600034.629153,
            "AoI": 20.4370021820068
        },
        {
            "Timestamp": 1743600034.729076,
            "AoI": 20.246982574462802
        },
        {
            "Timestamp": 1743600034.831081,
            "AoI": 22.1309661865234
        },
        {
            "Timestamp": 1743600034.929074,
            "AoI": 20.00093460083
        },
        {
            "Timestamp": 1743600035.031079,
            "AoI": 21.8839645385742
        },
        {
            "Timestamp": 1743600035.133157,
            "AoI": 23.8420963287353
        },
        {
            "Timestamp": 1743600035.229157,
            "AoI": 19.7219848632812
        },
        {
            "Timestamp": 1743600035.329076,
            "AoI": 19.526958465576097
        },
        {
            "Timestamp": 1743600035.428461,
            "AoI": 18.2631015777587
        },
        {
            "Timestamp": 1743600035.529074,
            "AoI": 18.7530517578125
        },
        {
            "Timestamp": 1743600035.637155,
            "AoI": 26.7109870910644
        },
        {
            "Timestamp": 1743600035.738327,
            "AoI": 27.761936187744098
        },
        {
            "Timestamp": 1743600035.833076,
            "AoI": 22.3920345306396
        },
        {
            "Timestamp": 1743600035.937073,
            "AoI": 26.2770652770996
        },
        {
            "Timestamp": 1743600036.045152,
            "AoI": 34.2369079589843
        },
        {
            "Timestamp": 1743600036.141153,
            "AoI": 29.587984085083
        },
        {
            "Timestamp": 1743600036.237157,
            "AoI": 25.4712104797363
        },
        {
            "Timestamp": 1743600036.333176,
            "AoI": 21.3758945465087
        },
        {
            "Timestamp": 1743600036.433074,
            "AoI": 21.1529731750488
        },
        {
            "Timestamp": 1743600036.537078,
            "AoI": 25.038957595825103
        },
        {
            "Timestamp": 1743600036.645127,
            "AoI": 32.968044281005795
        },
        {
            "Timestamp": 1743600036.741172,
            "AoI": 28.892040252685497
        },
        {
            "Timestamp": 1743600036.837163,
            "AoI": 24.235010147094698
        },
        {
            "Timestamp": 1743600036.933161,
            "AoI": 20.119905471801697
        },
        {
            "Timestamp": 1743600037.033076,
            "AoI": 19.9160575866699
        },
        {
            "Timestamp": 1743600037.137074,
            "AoI": 23.7939357757568
        },
        {
            "Timestamp": 1743600037.245165,
            "AoI": 31.7630767822265
        },
        {
            "Timestamp": 1743600037.341161,
            "AoI": 27.6389122009277
        },
        {
            "Timestamp": 1743600037.441076,
            "AoI": 27.4319648742675
        },
        {
            "Timestamp": 1743600037.533161,
            "AoI": 19.377946853637603
        },
        {
            "Timestamp": 1743600037.633075,
            "AoI": 19.1640853881835
        },
        {
            "Timestamp": 1743600037.737076,
            "AoI": 22.7611064910888
        },
        {
            "Timestamp": 1743600037.845163,
            "AoI": 30.7331085205078
        },
        {
            "Timestamp": 1743600037.933072,
            "AoI": 18.5191631317138
        },
        {
            "Timestamp": 1743600038.037161,
            "AoI": 22.486209869384698
        },
        {
            "Timestamp": 1743600038.133167,
            "AoI": 18.3720588684082
        },
        {
            "Timestamp": 1743600038.233077,
            "AoI": 18.1610584259033
        },
        {
            "Timestamp": 1743600038.349157,
            "AoI": 34.121036529541
        },
        {
            "Timestamp": 1743600038.437071,
            "AoI": 21.9130516052246
        },
        {
            "Timestamp": 1743600038.545076,
            "AoI": 29.2718410491943
        },
        {
            "Timestamp": 1743600038.645138,
            "AoI": 29.211997985839798
        },
        {
            "Timestamp": 1743600038.73858,
            "AoI": 22.5429534912109
        },
        {
            "Timestamp": 1743600038.841075,
            "AoI": 24.9190330505371
        },
        {
            "Timestamp": 1743600038.949164,
            "AoI": 32.8879356384277
        },
        {
            "Timestamp": 1743600039.045158,
            "AoI": 28.761863708496
        },
        {
            "Timestamp": 1743600039.141166,
            "AoI": 24.6510505676269
        },
        {
            "Timestamp": 1743600039.24108,
            "AoI": 23.9191055297851
        },
        {
            "Timestamp": 1743600039.339571,
            "AoI": 22.2868919372558
        },
        {
            "Timestamp": 1743600039.441076,
            "AoI": 23.6799716949462
        },
        {
            "Timestamp": 1743600039.549163,
            "AoI": 31.6460132598876
        },
        {
            "Timestamp": 1743600039.645162,
            "AoI": 27.5230407714843
        },
        {
            "Timestamp": 1743600039.741164,
            "AoI": 23.4029293060302
        },
        {
            "Timestamp": 1743600039.841078,
            "AoI": 23.1900215148925
        },
        {
            "Timestamp": 1743600039.945076,
            "AoI": 26.5369415283203
        },
        {
            "Timestamp": 1743600040.045074,
            "AoI": 26.4129638671875
        },
        {
            "Timestamp": 1743600040.14916,
            "AoI": 30.377864837646403
        },
        {
            "Timestamp": 1743600040.245161,
            "AoI": 26.2601375579834
        },
        {
            "Timestamp": 1743600040.345077,
            "AoI": 26.0610580444335
        },
        {
            "Timestamp": 1743600040.449076,
            "AoI": 29.943943023681598
        },
        {
            "Timestamp": 1743600040.545076,
            "AoI": 25.8309841156005
        },
        {
            "Timestamp": 1743600040.641075,
            "AoI": 21.7189788818359
        },
        {
            "Timestamp": 1743600040.74916,
            "AoI": 29.6909809112548
        },
        {
            "Timestamp": 1743600040.845166,
            "AoI": 25.599956512451097
        },
        {
            "Timestamp": 1743600040.941163,
            "AoI": 21.479129791259698
        },
        {
            "Timestamp": 1743600041.044793,
            "AoI": 24.9969959259033
        },
        {
            "Timestamp": 1743600041.145076,
            "AoI": 25.1691341400146
        },
        {
            "Timestamp": 1743600041.241077,
            "AoI": 21.0578441619873
        },
        {
            "Timestamp": 1743600041.341073,
            "AoI": 20.939111709594698
        },
        {
            "Timestamp": 1743600041.445167,
            "AoI": 24.4209766387939
        },
        {
            "Timestamp": 1743600041.545077,
            "AoI": 24.218082427978498
        },
        {
            "Timestamp": 1743600041.649078,
            "AoI": 28.105974197387603
        },
        {
            "Timestamp": 1743600041.745076,
            "AoI": 23.990869522094698
        },
        {
            "Timestamp": 1743600041.851082,
            "AoI": 29.8840999603271
        },
        {
            "Timestamp": 1743600041.94909,
            "AoI": 27.7791023254394
        },
        {
            "Timestamp": 1743600042.045164,
            "AoI": 23.7421989440917
        },
        {
            "Timestamp": 1743600042.151083,
            "AoI": 29.5500755310058
        },
        {
            "Timestamp": 1743600042.249078,
            "AoI": 27.4341106414794
        },
        {
            "Timestamp": 1743600042.345075,
            "AoI": 23.3190059661865
        },
        {
            "Timestamp": 1743600042.451081,
            "AoI": 29.2110443115234
        },
        {
            "Timestamp": 1743600042.549167,
            "AoI": 27.1840095520019
        },
        {
            "Timestamp": 1743600042.645074,
            "AoI": 22.9787826538085
        },
        {
            "Timestamp": 1743600042.751087,
            "AoI": 28.8808345794677
        },
        {
            "Timestamp": 1743600042.849072,
            "AoI": 26.7550945281982
        },
        {
            "Timestamp": 1743600042.94507,
            "AoI": 22.642135620117102
        },
        {
            "Timestamp": 1743600043.04856,
            "AoI": 26.0179042816162
        },
        {
            "Timestamp": 1743600043.14915,
            "AoI": 26.4949798583984
        },
        {
            "Timestamp": 1743600043.249075,
            "AoI": 26.3068675994873
        },
        {
            "Timestamp": 1743600043.345072,
            "AoI": 21.6619968414306
        },
        {
            "Timestamp": 1743600043.449069,
            "AoI": 25.5470275878906
        },
        {
            "Timestamp": 1743600043.545068,
            "AoI": 21.421909332275302
        },
        {
            "Timestamp": 1743600043.649069,
            "AoI": 25.3081321716308
        },
        {
            "Timestamp": 1743600043.749076,
            "AoI": 25.2008438110351
        },
        {
            "Timestamp": 1743600043.845152,
            "AoI": 21.1658477783203
        },
        {
            "Timestamp": 1743600043.945071,
            "AoI": 20.9729671478271
        },
        {
            "Timestamp": 1743600044.046814,
            "AoI": 22.6039886474609
        },
        {
            "Timestamp": 1743600044.149073,
            "AoI": 24.7519016265869
        },
        {
            "Timestamp": 1743600044.249073,
            "AoI": 24.640083312988203
        },
        {
            "Timestamp": 1743600044.349115,
            "AoI": 24.5709419250488
        },
        {
            "Timestamp": 1743600044.449073,
            "AoI": 24.4171619415283
        },
        {
            "Timestamp": 1743600044.545073,
            "AoI": 20.30611038208
        },
        {
            "Timestamp": 1743600044.649073,
            "AoI": 24.1928100585937
        },
        {
            "Timestamp": 1743600044.745074,
            "AoI": 20.0810432434082
        },
        {
            "Timestamp": 1743600044.845073,
            "AoI": 19.9670791625976
        },
        {
            "Timestamp": 1743600044.94911,
            "AoI": 23.8940715789794
        },
        {
            "Timestamp": 1743600045.043657,
            "AoI": 18.3310508728027
        },
        {
            "Timestamp": 1743600045.149068,
            "AoI": 23.631095886230398
        },
        {
            "Timestamp": 1743600045.249074,
            "AoI": 23.5249996185302
        },
        {
            "Timestamp": 1743600045.357109,
            "AoI": 30.9081077575683
        },
        {
            "Timestamp": 1743600045.451081,
            "AoI": 24.7669219970703
        },
        {
            "Timestamp": 1743600045.557073,
            "AoI": 30.6482315063476
        },
        {
            "Timestamp": 1743600045.657073,
            "AoI": 30.5371284484863
        },
        {
            "Timestamp": 1743600045.749074,
            "AoI": 22.4270820617675
        },
        {
            "Timestamp": 1743600045.849074,
            "AoI": 22.3159790039062
        },
        {
            "Timestamp": 1743600045.949072,
            "AoI": 22.200822830200103
        },
        {
            "Timestamp": 1743600046.057073,
            "AoI": 30.0891399383544
        },
        {
            "Timestamp": 1743600046.154295,
            "AoI": 27.1990299224853
        },
        {
            "Timestamp": 1743600046.249073,
            "AoI": 21.8660831451416
        },
        {
            "Timestamp": 1743600046.349073,
            "AoI": 21.7559337615966
        },
        {
            "Timestamp": 1743600046.449072,
            "AoI": 21.6429233551025
        },
        {
            "Timestamp": 1743600046.561072,
            "AoI": 33.5299968719482
        },
        {
            "Timestamp": 1743600046.651082,
            "AoI": 23.4291553497314
        },
        {
            "Timestamp": 1743600046.749076,
            "AoI": 21.312952041625902
        },
        {
            "Timestamp": 1743600046.849082,
            "AoI": 21.2070941925048
        },
        {
            "Timestamp": 1743600046.951087,
            "AoI": 23.1020450592041
        },
        {
            "Timestamp": 1743600047.048566,
            "AoI": 20.469188690185497
        },
        {
            "Timestamp": 1743600047.157161,
            "AoI": 28.4290313720703
        },
        {
            "Timestamp": 1743600047.251082,
            "AoI": 22.2399234771728
        },
        {
            "Timestamp": 1743600047.361072,
            "AoI": 32.119035720825096
        },
        {
            "Timestamp": 1743600047.453304,
            "AoI": 24.2359638214111
        },
        {
            "Timestamp": 1743600047.565164,
            "AoI": 35.9830856323242
        },
        {
            "Timestamp": 1743600047.649073,
            "AoI": 19.777774810790998
        },
        {
            "Timestamp": 1743600047.757161,
            "AoI": 27.752876281738203
        },
        {
            "Timestamp": 1743600047.851082,
            "AoI": 21.5620994567871
        },
        {
            "Timestamp": 1743600047.95507,
            "AoI": 25.4390239715576
        },
        {
            "Timestamp": 1743600048.057079,
            "AoI": 27.3361206054687
        },
        {
            "Timestamp": 1743600048.151081,
            "AoI": 21.218061447143498
        },
        {
            "Timestamp": 1743600048.249076,
            "AoI": 19.0939903259277
        },
        {
            "Timestamp": 1743600048.351081,
            "AoI": 20.9767818450927
        },
        {
            "Timestamp": 1743600048.453163,
            "AoI": 22.4478244781494
        },
        {
            "Timestamp": 1743600048.561073,
            "AoI": 30.2391052246093
        },
        {
            "Timestamp": 1743600048.657076,
            "AoI": 26.1299610137939
        },
        {
            "Timestamp": 1743600048.765158,
            "AoI": 34.0909957885742
        },
        {
            "Timestamp": 1743600048.861159,
            "AoI": 29.9780368804931
        },
        {
            "Timestamp": 1743600048.957163,
            "AoI": 25.860071182250902
        },
        {
            "Timestamp": 1743600049.049584,
            "AoI": 18.162012100219698
        },
        {
            "Timestamp": 1743600049.161074,
            "AoI": 29.5310020446777
        },
        {
            "Timestamp": 1743600049.257076,
            "AoI": 24.881124496459897
        },
        {
            "Timestamp": 1743600049.365164,
            "AoI": 32.8500270843505
        },
        {
            "Timestamp": 1743600049.461164,
            "AoI": 28.727054595947198
        },
        {
            "Timestamp": 1743600049.557163,
            "AoI": 24.5840549468994
        },
        {
            "Timestamp": 1743600049.662063,
            "AoI": 29.355764389038
        },
        {
            "Timestamp": 1743600049.761086,
            "AoI": 28.249979019165
        },
        {
            "Timestamp": 1743600049.869167,
            "AoI": 36.2122058868408
        },
        {
            "Timestamp": 1743600049.965163,
            "AoI": 32.0839881896972
        },
        {
            "Timestamp": 1743600050.061167,
            "AoI": 27.964115142822198
        },
        {
            "Timestamp": 1743600050.157159,
            "AoI": 23.6380100250244
        },
        {
            "Timestamp": 1743600050.25316,
            "AoI": 19.521951675415
        },
        {
            "Timestamp": 1743600050.361076,
            "AoI": 27.318000793457
        },
        {
            "Timestamp": 1743600050.457075,
            "AoI": 23.1940746307373
        },
        {
            "Timestamp": 1743600050.565164,
            "AoI": 31.1610698699951
        },
        {
            "Timestamp": 1743600050.661162,
            "AoI": 27.0400047302246
        },
        {
            "Timestamp": 1743600050.757075,
            "AoI": 22.8321552276611
        },
        {
            "Timestamp": 1743600050.853164,
            "AoI": 18.802881240844698
        },
        {
            "Timestamp": 1743600050.956644,
            "AoI": 21.6331481933593
        },
        {
            "Timestamp": 1743600051.057079,
            "AoI": 21.946191787719698
        },
        {
            "Timestamp": 1743600051.165159,
            "AoI": 29.9038887023925
        },
        {
            "Timestamp": 1743600051.261165,
            "AoI": 25.7878303527832
        },
        {
            "Timestamp": 1743600051.369075,
            "AoI": 33.5760116577148
        },
        {
            "Timestamp": 1743600051.465074,
            "AoI": 29.445171356201097
        },
        {
            "Timestamp": 1743600051.56108,
            "AoI": 24.8188972473144
        },
        {
            "Timestamp": 1743600051.667218,
            "AoI": 30.8408737182617
        },
        {
            "Timestamp": 1743600051.765168,
            "AoI": 28.674840927124
        },
        {
            "Timestamp": 1743600051.861168,
            "AoI": 24.554967880249
        },
        {
            "Timestamp": 1743600051.961078,
            "AoI": 24.3430137634277
        },
        {
            "Timestamp": 1743600052.063665,
            "AoI": 26.8099308013916
        },
        {
            "Timestamp": 1743600052.171081,
            "AoI": 34.106969833374
        },
        {
            "Timestamp": 1743600052.26916,
            "AoI": 32.0680141448974
        },
        {
            "Timestamp": 1743600052.365166,
            "AoI": 27.4229049682617
        },
        {
            "Timestamp": 1743600052.461167,
            "AoI": 23.306131362915
        },
        {
            "Timestamp": 1743600052.561081,
            "AoI": 23.1020450592041
        },
        {
            "Timestamp": 1743600052.665075,
            "AoI": 26.976108551025302
        },
        {
            "Timestamp": 1743600052.761076,
            "AoI": 22.8588581085205
        },
        {
            "Timestamp": 1743600052.869161,
            "AoI": 30.826807022094698
        },
        {
            "Timestamp": 1743600052.965158,
            "AoI": 26.710033416747997
        },
        {
            "Timestamp": 1743600053.061165,
            "AoI": 22.0711231231689
        },
        {
            "Timestamp": 1743600053.161076,
            "AoI": 21.8641757965087
        },
        {
            "Timestamp": 1743600053.265075,
            "AoI": 25.7470607757568
        },
        {
            "Timestamp": 1743600053.361075,
            "AoI": 21.627902984619098
        },
        {
            "Timestamp": 1743600053.469165,
            "AoI": 29.5979976654052
        },
        {
            "Timestamp": 1743600053.56516,
            "AoI": 25.476932525634698
        },
        {
            "Timestamp": 1743600053.661159,
            "AoI": 21.3561058044433
        },
        {
            "Timestamp": 1743600053.769076,
            "AoI": 28.623104095458903
        },
        {
            "Timestamp": 1743600053.865075,
            "AoI": 24.5110988616943
        },
        {
            "Timestamp": 1743600053.971081,
            "AoI": 30.3990840911865
        },
        {
            "Timestamp": 1743600054.069161,
            "AoI": 28.3629894256591
        },
        {
            "Timestamp": 1743600054.169079,
            "AoI": 28.1651020050048
        },
        {
            "Timestamp": 1743600054.265078,
            "AoI": 24.044990539550703
        },
        {
            "Timestamp": 1743600054.369076,
            "AoI": 27.925968170165998
        },
        {
            "Timestamp": 1743600054.465074,
            "AoI": 23.2739448547363
        },
        {
            "Timestamp": 1743600054.571081,
            "AoI": 29.1550159454345
        },
        {
            "Timestamp": 1743600054.669169,
            "AoI": 27.124881744384698
        },
        {
            "Timestamp": 1743600054.765162,
            "AoI": 23.0069160461425
        },
        {
            "Timestamp": 1743600054.871081,
            "AoI": 28.805017471313402
        },
        {
            "Timestamp": 1743600054.963791,
            "AoI": 21.3918685913085
        },
        {
            "Timestamp": 1743600055.065077,
            "AoI": 22.562026977539
        },
        {
            "Timestamp": 1743600055.171081,
            "AoI": 27.920007705688402
        },
        {
            "Timestamp": 1743600055.269159,
            "AoI": 25.885105133056598
        },
        {
            "Timestamp": 1743600055.365164,
            "AoI": 21.7759609222412
        },
        {
            "Timestamp": 1743600055.465077,
            "AoI": 21.5709209442138
        },
        {
            "Timestamp": 1743600055.56908,
            "AoI": 25.4440307617187
        },
        {
            "Timestamp": 1743600055.671088,
            "AoI": 27.3339748382568
        },
        {
            "Timestamp": 1743600055.771089,
            "AoI": 27.2121429443359
        },
        {
            "Timestamp": 1743600055.869165,
            "AoI": 25.1648426055908
        },
        {
            "Timestamp": 1743600055.965166,
            "AoI": 21.054983139038
        },
        {
            "Timestamp": 1743600056.065082,
            "AoI": 20.658016204833903
        },
        {
            "Timestamp": 1743600056.16858,
            "AoI": 24.0421295166015
        },
        {
            "Timestamp": 1743600056.265078,
            "AoI": 20.4260349273681
        },
        {
            "Timestamp": 1743600056.371082,
            "AoI": 26.3121128082275
        },
        {
            "Timestamp": 1743600056.469166,
            "AoI": 24.2750644683837
        },
        {
            "Timestamp": 1743600056.569077,
            "AoI": 24.0669250488281
        },
        {
            "Timestamp": 1743600056.665077,
            "AoI": 19.9589729309082
        },
        {
            "Timestamp": 1743600056.769077,
            "AoI": 23.8449573516845
        },
        {
            "Timestamp": 1743600056.871081,
            "AoI": 25.203227996826097
        },
        {
            "Timestamp": 1743600056.973163,
            "AoI": 27.167797088622997
        },
        {
            "Timestamp": 1743600057.076011,
            "AoI": 29.8988819122314
        },
        {
            "Timestamp": 1743600057.169082,
            "AoI": 22.8519439697265
        },
        {
            "Timestamp": 1743600057.285171,
            "AoI": 38.8259887695312
        },
        {
            "Timestamp": 1743600057.369075,
            "AoI": 22.6161479949951
        },
        {
            "Timestamp": 1743600057.471081,
            "AoI": 24.504899978637603
        },
        {
            "Timestamp": 1743600057.57308,
            "AoI": 26.3881683349609
        },
        {
            "Timestamp": 1743600057.669169,
            "AoI": 22.3598480224609
        },
        {
            "Timestamp": 1743600057.777075,
            "AoI": 30.0090312957763
        },
        {
            "Timestamp": 1743600057.871082,
            "AoI": 23.8959789276123
        },
        {
            "Timestamp": 1743600057.969076,
            "AoI": 21.7750072479248
        },
        {
            "Timestamp": 1743600058.071082,
            "AoI": 23.6651897430419
        },
        {
            "Timestamp": 1743600058.171081,
            "AoI": 23.540019989013597
        },
        {
            "Timestamp": 1743600058.269162,
            "AoI": 21.463871002197198
        },
        {
            "Timestamp": 1743600058.369078,
            "AoI": 21.2588310241699
        },
        {
            "Timestamp": 1743600058.473075,
            "AoI": 24.6310234069824
        },
        {
            "Timestamp": 1743600058.56908,
            "AoI": 20.5190181732177
        },
        {
            "Timestamp": 1743600058.671088,
            "AoI": 22.407054901122997
        },
        {
            "Timestamp": 1743600058.7691,
            "AoI": 20.2958583831787
        },
        {
            "Timestamp": 1743600058.86916,
            "AoI": 20.2369689941406
        },
        {
            "Timestamp": 1743600058.969079,
            "AoI": 20.0400352478027
        },
        {
            "Timestamp": 1743600059.071083,
            "AoI": 21.9299793243408
        },
        {
            "Timestamp": 1743600059.169074,
            "AoI": 19.8071002960205
        },
        {
            "Timestamp": 1743600059.277165,
            "AoI": 27.2319316864013
        },
        {
            "Timestamp": 1743600059.38024,
            "AoI": 30.0328731536865
        },
        {
            "Timestamp": 1743600059.474143,
            "AoI": 23.816108703613203
        },
        {
            "Timestamp": 1743600059.577074,
            "AoI": 26.6280174255371
        },
        {
            "Timestamp": 1743600059.685167,
            "AoI": 34.605979919433494
        },
        {
            "Timestamp": 1743600059.781167,
            "AoI": 30.491113662719698
        },
        {
            "Timestamp": 1743600059.877163,
            "AoI": 25.9459018707275
        },
        {
            "Timestamp": 1743600059.973157,
            "AoI": 21.8238830566406
        },
        {
            "Timestamp": 1743600060.076236,
            "AoI": 24.785041809082
        },
        {
            "Timestamp": 1743600060.180531,
            "AoI": 28.9919376373291
        },
        {
            "Timestamp": 1743600060.285156,
            "AoI": 33.5049629211425
        },
        {
            "Timestamp": 1743600060.381161,
            "AoI": 29.3960571289062
        },
        {
            "Timestamp": 1743600060.481075,
            "AoI": 29.157161712646403
        },
        {
            "Timestamp": 1743600060.573164,
            "AoI": 20.5860137939453
        },
        {
            "Timestamp": 1743600060.674207,
            "AoI": 21.502017974853498
        },
        {
            "Timestamp": 1743600060.773206,
            "AoI": 20.3759670257568
        },
        {
            "Timestamp": 1743600060.885167,
            "AoI": 32.2167873382568
        },
        {
            "Timestamp": 1743600060.981166,
            "AoI": 28.0988216400146
        },
        {
            "Timestamp": 1743600061.081079,
            "AoI": 27.8940200805664
        },
        {
            "Timestamp": 1743600061.173165,
            "AoI": 19.860982894897397
        },
        {
            "Timestamp": 1743600061.277554,
            "AoI": 24.1320133209228
        },
        {
            "Timestamp": 1743600061.381074,
            "AoI": 27.5418758392334
        },
        {
            "Timestamp": 1743600061.478065,
            "AoI": 24.418115615844698
        },
        {
            "Timestamp": 1743600061.581153,
            "AoI": 26.9348621368408
        },
        {
            "Timestamp": 1743600061.673488,
            "AoI": 19.1578865051269
        },
        {
            "Timestamp": 1743600061.773162,
            "AoI": 18.7199115753173
        },
        {
            "Timestamp": 1743600061.881076,
            "AoI": 26.522159576415998
        },
        {
            "Timestamp": 1743600061.985075,
            "AoI": 30.410051345825103
        },
        {
            "Timestamp": 1743600062.081075,
            "AoI": 26.298046112060497
        },
        {
            "Timestamp": 1743600062.181074,
            "AoI": 26.1869430541992
        },
        {
            "Timestamp": 1743600062.277076,
            "AoI": 22.0789909362792
        },
        {
            "Timestamp": 1743600062.385076,
            "AoI": 29.9720764160156
        },
        {
            "Timestamp": 1743600062.481078,
            "AoI": 25.8610248565673
        },
        {
            "Timestamp": 1743600062.57708,
            "AoI": 21.752119064330998
        },
        {
            "Timestamp": 1743600062.681078,
            "AoI": 25.6378650665283
        },
        {
            "Timestamp": 1743600062.78508,
            "AoI": 29.5288562774658
        },
        {
            "Timestamp": 1743600062.885672,
            "AoI": 29.977083206176697
        },
        {
            "Timestamp": 1743600062.985075,
            "AoI": 29.2789936065673
        },
        {
            "Timestamp": 1743600063.089075,
            "AoI": 33.1790447235107
        },
        {
            "Timestamp": 1743600063.185075,
            "AoI": 29.0830135345459
        },
        {
            "Timestamp": 1743600063.281076,
            "AoI": 24.9888896942138
        },
        {
            "Timestamp": 1743600063.381164,
            "AoI": 24.981021881103498
        },
        {
            "Timestamp": 1743600063.484029,
            "AoI": 27.3511409759521
        },
        {
            "Timestamp": 1743600063.579795,
            "AoI": 23.0159759521484
        },
        {
            "Timestamp": 1743600063.68108,
            "AoI": 24.2021083831787
        },
        {
            "Timestamp": 1743600063.785075,
            "AoI": 28.101921081542898
        },
        {
            "Timestamp": 1743600063.881073,
            "AoI": 24.0030288696289
        },
        {
            "Timestamp": 1743600063.981165,
            "AoI": 24.0018367767334
        },
        {
            "Timestamp": 1743600064.081076,
            "AoI": 23.8199234008789
        },
        {
            "Timestamp": 1743600064.185075,
            "AoI": 27.7271270751953
        },
        {
            "Timestamp": 1743600064.281074,
            "AoI": 23.6320495605468
        },
        {
            "Timestamp": 1743600064.385074,
            "AoI": 27.537822723388597
        },
        {
            "Timestamp": 1743600064.481075,
            "AoI": 23.435115814208903
        },
        {
            "Timestamp": 1743600064.581158,
            "AoI": 23.420810699462802
        },
        {
            "Timestamp": 1743600064.681081,
            "AoI": 23.247957229614197
        },
        {
            "Timestamp": 1743600064.779072,
            "AoI": 20.751953125
        },
        {
            "Timestamp": 1743600064.878451,
            "AoI": 20.037174224853498
        },
        {
            "Timestamp": 1743600064.989075,
            "AoI": 30.5688381195068
        },
        {
            "Timestamp": 1743600065.085076,
            "AoI": 26.4761447906494
        },
        {
            "Timestamp": 1743600065.181076,
            "AoI": 22.3820209503173
        },
        {
            "Timestamp": 1743600065.28108,
            "AoI": 22.2899913787841
        },
        {
            "Timestamp": 1743600065.379855,
            "AoI": 20.967960357665998
        },
        {
            "Timestamp": 1743600065.481076,
            "AoI": 22.0859050750732
        },
        {
            "Timestamp": 1743600065.589075,
            "AoI": 29.988050460815398
        },
        {
            "Timestamp": 1743600065.685168,
            "AoI": 25.985002517700103
        },
        {
            "Timestamp": 1743600065.781174,
            "AoI": 21.893978118896403
        },
        {
            "Timestamp": 1743600065.88108,
            "AoI": 21.7039585113525
        },
        {
            "Timestamp": 1743600065.981601,
            "AoI": 22.1240520477294
        },
        {
            "Timestamp": 1743600066.078527,
            "AoI": 18.985986709594698
        },
        {
            "Timestamp": 1743600066.185075,
            "AoI": 25.434017181396403
        },
        {
            "Timestamp": 1743600066.285074,
            "AoI": 25.3300666809082
        },
        {
            "Timestamp": 1743600066.385078,
            "AoI": 25.2280235290527
        },
        {
            "Timestamp": 1743600066.481082,
            "AoI": 21.1260318756103
        },
        {
            "Timestamp": 1743600066.585075,
            "AoI": 25.015830993652298
        },
        {
            "Timestamp": 1743600066.691085,
            "AoI": 30.4930210113525
        },
        {
            "Timestamp": 1743600066.789173,
            "AoI": 28.4810066223144
        },
        {
            "Timestamp": 1743600066.885169,
            "AoI": 24.3730545043945
        },
        {
            "Timestamp": 1743600066.985077,
            "AoI": 24.1768360137939
        },
        {
            "Timestamp": 1743600067.089082,
            "AoI": 28.0818939208984
        },
        {
            "Timestamp": 1743600067.185076,
            "AoI": 23.9729881286621
        },
        {
            "Timestamp": 1743600067.289075,
            "AoI": 27.871847152709897
        },
        {
            "Timestamp": 1743600067.389165,
            "AoI": 27.858972549438402
        },
        {
            "Timestamp": 1743600067.489077,
            "AoI": 27.6629924774169
        },
        {
            "Timestamp": 1743600067.585077,
            "AoI": 23.558139801025302
        },
        {
            "Timestamp": 1743600067.689081,
            "AoI": 27.458906173705998
        },
        {
            "Timestamp": 1743600067.785082,
            "AoI": 23.3561992645263
        },
        {
            "Timestamp": 1743600067.889076,
            "AoI": 27.247905731201097
        },
        {
            "Timestamp": 1743600067.985075,
            "AoI": 23.144006729125902
        },
        {
            "Timestamp": 1743600068.085154,
            "AoI": 23.1180191040039
        },
        {
            "Timestamp": 1743600068.185076,
            "AoI": 22.9289531707763
        },
        {
            "Timestamp": 1743600068.289075,
            "AoI": 26.818990707397397
        },
        {
            "Timestamp": 1743600068.385073,
            "AoI": 22.7079391479492
        },
        {
            "Timestamp": 1743600068.489074,
            "AoI": 26.5970230102539
        },
        {
            "Timestamp": 1743600068.594805,
            "AoI": 32.2189331054687
        },
        {
            "Timestamp": 1743600068.689078,
            "AoI": 26.3831615447998
        },
        {
            "Timestamp": 1743600068.785079,
            "AoI": 22.274971008300703
        },
        {
            "Timestamp": 1743600068.883875,
            "AoI": 20.9629535675048
        },
        {
            "Timestamp": 1743600068.985074,
            "AoI": 22.0510959625244
        },
        {
            "Timestamp": 1743600069.089074,
            "AoI": 25.9428024291992
        },
        {
            "Timestamp": 1743600069.189074,
            "AoI": 25.8340835571289
        },
        {
            "Timestamp": 1743600069.285133,
            "AoI": 21.784782409667898
        },
        {
            "Timestamp": 1743600069.385075,
            "AoI": 21.6171741485595
        },
        {
            "Timestamp": 1743600069.483459,
            "AoI": 19.918918609619098
        },
        {
            "Timestamp": 1743600069.585079,
            "AoI": 21.4309692382812
        },
        {
            "Timestamp": 1743600069.691083,
            "AoI": 27.3258686065673
        },
        {
            "Timestamp": 1743600069.789075,
            "AoI": 25.209903717040998
        },
        {
            "Timestamp": 1743600069.885133,
            "AoI": 21.1601257324218
        },
        {
            "Timestamp": 1743600069.985076,
            "AoI": 20.9949016571044
        },
        {
            "Timestamp": 1743600070.089077,
            "AoI": 24.8880386352539
        },
        {
            "Timestamp": 1743600070.191081,
            "AoI": 26.242971420288
        },
        {
            "Timestamp": 1743600070.291082,
            "AoI": 26.135921478271403
        },
        {
            "Timestamp": 1743600070.385075,
            "AoI": 20.0121402740478
        },
        {
            "Timestamp": 1743600070.489075,
            "AoI": 23.8988399505615
        },
        {
            "Timestamp": 1743600070.591081,
            "AoI": 25.753974914550703
        },
        {
            "Timestamp": 1743600070.697076,
            "AoI": 31.6390991210937
        },
        {
            "Timestamp": 1743600070.797165,
            "AoI": 31.5790176391601
        },
        {
            "Timestamp": 1743600070.889075,
            "AoI": 23.3769416809082
        },
        {
            "Timestamp": 1743600070.999187,
            "AoI": 33.3719253540039
        },
        {
            "Timestamp": 1743600071.089077,
            "AoI": 23.152112960815398
        },
        {
            "Timestamp": 1743600071.188411,
            "AoI": 22.3710536956787
        },
        {
            "Timestamp": 1743600071.289073,
            "AoI": 22.8919982910156
        },
        {
            "Timestamp": 1743600071.391077,
            "AoI": 24.7859954833984
        },
        {
            "Timestamp": 1743600071.493146,
            "AoI": 26.742935180664
        },
        {
            "Timestamp": 1743600071.589146,
            "AoI": 22.6249694824218
        },
        {
            "Timestamp": 1743600071.689077,
            "AoI": 22.444963455200103
        },
        {
            "Timestamp": 1743600071.791077,
            "AoI": 23.7829685211181
        },
        {
            "Timestamp": 1743600071.889073,
            "AoI": 21.669864654540998
        },
        {
            "Timestamp": 1743600071.989073,
            "AoI": 21.5590000152587
        },
        {
            "Timestamp": 1743600072.089076,
            "AoI": 21.4340686798095
        },
        {
            "Timestamp": 1743600072.189158,
            "AoI": 21.4059352874755
        },
        {
            "Timestamp": 1743600072.289078,
            "AoI": 21.2099552154541
        },
        {
            "Timestamp": 1743600072.401076,
            "AoI": 33.0631732940673
        },
        {
            "Timestamp": 1743600072.489075,
            "AoI": 20.9498405456542
        },
        {
            "Timestamp": 1743600072.591083,
            "AoI": 22.840976715087802
        },
        {
            "Timestamp": 1743600072.693162,
            "AoI": 24.777889251708903
        },
        {
            "Timestamp": 1743600072.801081,
            "AoI": 32.5880050659179
        },
        {
            "Timestamp": 1743600072.889078,
            "AoI": 20.46799659729
        },
        {
            "Timestamp": 1743600072.991089,
            "AoI": 22.3290920257568
        },
        {
            "Timestamp": 1743600073.089078,
            "AoI": 20.2078819274902
        },
        {
            "Timestamp": 1743600073.189071,
            "AoI": 20.0529098510742
        },
        {
            "Timestamp": 1743600073.298733,
            "AoI": 29.0830135345459
        },
        {
            "Timestamp": 1743600073.394382,
            "AoI": 24.619102478027298
        },
        {
            "Timestamp": 1743600073.497077,
            "AoI": 27.182102203369098
        },
        {
            "Timestamp": 1743600073.591082,
            "AoI": 21.0301876068115
        },
        {
            "Timestamp": 1743600073.689078,
            "AoI": 18.9111232757568
        },
        {
            "Timestamp": 1743600073.797085,
            "AoI": 26.7629623413085
        },
        {
            "Timestamp": 1743600073.893165,
            "AoI": 22.732019424438402
        },
        {
            "Timestamp": 1743600074.00107,
            "AoI": 30.5240154266357
        },
        {
            "Timestamp": 1743600074.097074,
            "AoI": 26.4091491699218
        },
        {
            "Timestamp": 1743600074.197069,
            "AoI": 26.2520313262939
        },
        {
            "Timestamp": 1743600074.301163,
            "AoI": 30.2350521087646
        },
        {
            "Timestamp": 1743600074.397074,
            "AoI": 25.991916656494098
        },
        {
            "Timestamp": 1743600074.493161,
            "AoI": 21.9669342041015
        },
        {
            "Timestamp": 1743600074.595184,
            "AoI": 23.847103118896403
        },
        {
            "Timestamp": 1743600074.693976,
            "AoI": 22.5279331207275
        },
        {
            "Timestamp": 1743600074.805154,
            "AoI": 33.6151123046875
        },
        {
            "Timestamp": 1743600074.901131,
            "AoI": 29.490947723388597
        },
        {
            "Timestamp": 1743600074.997125,
            "AoI": 25.378942489624
        },
        {
            "Timestamp": 1743600075.097074,
            "AoI": 25.2230167388916
        },
        {
            "Timestamp": 1743600075.201075,
            "AoI": 28.663158416747997
        },
        {
            "Timestamp": 1743600075.297072,
            "AoI": 24.5568752288818
        },
        {
            "Timestamp": 1743600075.405124,
            "AoI": 32.505989074706996
        },
        {
            "Timestamp": 1743600075.501123,
            "AoI": 28.3999443054199
        },
        {
            "Timestamp": 1743600075.597122,
            "AoI": 24.2938995361328
        },
        {
            "Timestamp": 1743600075.69905,
            "AoI": 26.113986968994098
        },
        {
            "Timestamp": 1743600075.799836,
            "AoI": 26.7958641052246
        },
        {
            "Timestamp": 1743600075.909129,
            "AoI": 35.9859466552734
        },
        {
            "Timestamp": 1743600076.005123,
            "AoI": 31.8779945373535
        },
        {
            "Timestamp": 1743600076.101129,
            "AoI": 27.7841091156005
        },
        {
            "Timestamp": 1743600076.197125,
            "AoI": 23.6759185791015
        },
        {
            "Timestamp": 1743600076.297074,
            "AoI": 23.5180854797363
        },
        {
            "Timestamp": 1743600076.401071,
            "AoI": 27.413129806518498
        },
        {
            "Timestamp": 1743600076.497067,
            "AoI": 23.3058929443359
        },
        {
            "Timestamp": 1743600076.605121,
            "AoI": 31.257867813110302
        },
        {
            "Timestamp": 1743600076.701129,
            "AoI": 27.1658897399902
        },
        {
            "Timestamp": 1743600076.797146,
            "AoI": 23.0791568756103
        },
        {
            "Timestamp": 1743600076.905071,
            "AoI": 30.8990478515625
        },
        {
            "Timestamp": 1743600076.995794,
            "AoI": 21.5201377868652
        },
        {
            "Timestamp": 1743600077.109126,
            "AoI": 34.7499847412109
        },
        {
            "Timestamp": 1743600077.205122,
            "AoI": 30.6410789489746
        },
        {
            "Timestamp": 1743600077.301125,
            "AoI": 26.534080505371
        },
        {
            "Timestamp": 1743600077.397124,
            "AoI": 22.042989730834897
        },
        {
            "Timestamp": 1743600077.505067,
            "AoI": 29.8740863800048
        },
        {
            "Timestamp": 1743600077.601067,
            "AoI": 25.7551670074462
        },
        {
            "Timestamp": 1743600077.709126,
            "AoI": 33.6649417877197
        },
        {
            "Timestamp": 1743600077.801073,
            "AoI": 25.532007217407198
        },
        {
            "Timestamp": 1743600077.911073,
            "AoI": 35.4158878326416
        },
        {
            "Timestamp": 1743600078.001082,
            "AoI": 25.3159999847412
        },
        {
            "Timestamp": 1743600078.098904,
            "AoI": 23.021936416625902
        },
        {
            "Timestamp": 1743600078.201071,
            "AoI": 25.0799655914306
        },
        {
            "Timestamp": 1743600078.309164,
            "AoI": 33.029079437255795
        },
        {
            "Timestamp": 1743600078.405156,
            "AoI": 28.4309387207031
        },
        {
            "Timestamp": 1743600078.501154,
            "AoI": 24.277925491333
        },
        {
            "Timestamp": 1743600078.609069,
            "AoI": 32.082080841064396
        },
        {
            "Timestamp": 1743600078.705077,
            "AoI": 27.9438495635986
        },
        {
            "Timestamp": 1743600078.801074,
            "AoI": 23.8311290740966
        },
        {
            "Timestamp": 1743600078.909087,
            "AoI": 31.6998958587646
        },
        {
            "Timestamp": 1743600079.005157,
            "AoI": 27.6610851287841
        },
        {
            "Timestamp": 1743600079.105074,
            "AoI": 27.431011199951097
        },
        {
            "Timestamp": 1743600079.201073,
            "AoI": 23.3209133148193
        },
        {
            "Timestamp": 1743600079.29985,
            "AoI": 21.9519138336181
        },
        {
            "Timestamp": 1743600079.398716,
            "AoI": 20.339012145996
        },
        {
            "Timestamp": 1743600079.509157,
            "AoI": 30.642032623290998
        },
        {
            "Timestamp": 1743600079.605157,
            "AoI": 26.4778137207031
        },
        {
            "Timestamp": 1743600079.701168,
            "AoI": 22.374153137207
        },
        {
            "Timestamp": 1743600079.801076,
            "AoI": 22.1278667449951
        },
        {
            "Timestamp": 1743600079.898633,
            "AoI": 19.5729732513427
        },
        {
            "Timestamp": 1743600080.00107,
            "AoI": 21.8980312347412
        },
        {
            "Timestamp": 1743600080.109161,
            "AoI": 29.869794845580998
        },
        {
            "Timestamp": 1743600080.201071,
            "AoI": 21.662950515747
        },
        {
            "Timestamp": 1743600080.301158,
            "AoI": 21.616935729980398
        },
        {
            "Timestamp": 1743600080.401073,
            "AoI": 21.0928916931152
        },
        {
            "Timestamp": 1743600080.50507,
            "AoI": 24.9359607696533
        },
        {
            "Timestamp": 1743600080.601068,
            "AoI": 20.824909210205
        },
        {
            "Timestamp": 1743600080.711082,
            "AoI": 30.689001083374
        },
        {
            "Timestamp": 1743600080.805168,
            "AoI": 24.662971496582
        },
        {
            "Timestamp": 1743600080.905072,
            "AoI": 24.422883987426697
        },
        {
            "Timestamp": 1743600081.00907,
            "AoI": 28.3060073852539
        },
        {
            "Timestamp": 1743600081.105073,
            "AoI": 24.1658687591552
        },
        {
            "Timestamp": 1743600081.211077,
            "AoI": 30.056953430175703
        },
        {
            "Timestamp": 1743600081.309161,
            "AoI": 27.997970581054602
        },
        {
            "Timestamp": 1743600081.41062,
            "AoI": 29.1550159454345
        },
        {
            "Timestamp": 1743600081.505072,
            "AoI": 23.4870910644531
        },
        {
            "Timestamp": 1743600081.603689,
            "AoI": 21.960973739624
        },
        {
            "Timestamp": 1743600081.705076,
            "AoI": 23.2360363006591
        },
        {
            "Timestamp": 1743600081.811077,
            "AoI": 29.123067855834897
        },
        {
            "Timestamp": 1743600081.909153,
            "AoI": 27.0559787750244
        },
        {
            "Timestamp": 1743600082.011074,
            "AoI": 28.8641452789306
        },
        {
            "Timestamp": 1743600082.105075,
            "AoI": 22.7229595184326
        },
        {
            "Timestamp": 1743600082.209071,
            "AoI": 26.6039371490478
        },
        {
            "Timestamp": 1743600082.305072,
            "AoI": 22.4730968475341
        },
        {
            "Timestamp": 1743600082.411076,
            "AoI": 27.843952178955
        },
        {
            "Timestamp": 1743600082.509157,
            "AoI": 25.7899761199951
        },
        {
            "Timestamp": 1743600082.610598,
            "AoI": 27.122020721435497
        },
        {
            "Timestamp": 1743600082.705084,
            "AoI": 21.460056304931598
        },
        {
            "Timestamp": 1743600082.803596,
            "AoI": 19.8330879211425
        },
        {
            "Timestamp": 1743600082.911077,
            "AoI": 27.2119045257568
        },
        {
            "Timestamp": 1743600083.005084,
            "AoI": 21.1169719696044
        },
        {
            "Timestamp": 1743600083.109162,
            "AoI": 25.089979171752898
        },
        {
            "Timestamp": 1743600083.205158,
            "AoI": 20.9729671478271
        },
        {
            "Timestamp": 1743600083.305074,
            "AoI": 20.7860469818115
        },
        {
            "Timestamp": 1743600083.409072,
            "AoI": 24.677991867065398
        },
        {
            "Timestamp": 1743600083.505067,
            "AoI": 20.568132400512603
        },
        {
            "Timestamp": 1743600083.611073,
            "AoI": 26.441097259521403
        },
        {
            "Timestamp": 1743600083.709163,
            "AoI": 24.3949890136718
        },
        {
            "Timestamp": 1743600083.810052,
            "AoI": 25.1698493957519
        },
        {
            "Timestamp": 1743600083.911077,
            "AoI": 26.091098785400302
        },
        {
            "Timestamp": 1743600084.005291,
            "AoI": 20.1718807220459
        },
        {
            "Timestamp": 1743600084.117165,
            "AoI": 31.9070816040039
        },
        {
            "Timestamp": 1743600084.217077,
            "AoI": 31.680107116699197
        },
        {
            "Timestamp": 1743600084.321076,
            "AoI": 35.473823547363196
        },
        {
            "Timestamp": 1743600084.417075,
            "AoI": 30.8029651641845
        },
        {
            "Timestamp": 1743600084.511081,
            "AoI": 24.6748924255371
        },
        {
            "Timestamp": 1743600084.621164,
            "AoI": 34.6210002899169
        },
        {
            "Timestamp": 1743600084.717164,
            "AoI": 30.4820537567138
        },
        {
            "Timestamp": 1743600084.811082,
            "AoI": 24.2969989776611
        },
        {
            "Timestamp": 1743600084.909167,
            "AoI": 22.273063659667898
        },
        {
            "Timestamp": 1743600085.009077,
            "AoI": 22.046089172363203
        },
        {
            "Timestamp": 1743600085.111082,
            "AoI": 23.914098739624
        },
        {
            "Timestamp": 1743600085.209075,
            "AoI": 21.770000457763597
        },
        {
            "Timestamp": 1743600085.317162,
            "AoI": 29.7310352325439
        },
        {
            "Timestamp": 1743600085.417077,
            "AoI": 29.4930934906005
        },
        {
            "Timestamp": 1743600085.509164,
            "AoI": 21.4440822601318
        },
        {
            "Timestamp": 1743600085.617074,
            "AoI": 29.189109802246
        },
        {
            "Timestamp": 1743600085.711082,
            "AoI": 22.5288867950439
        },
        {
            "Timestamp": 1743600085.809073,
            "AoI": 20.3719139099121
        },
        {
            "Timestamp": 1743600085.92108,
            "AoI": 32.263994216918896
        },
        {
            "Timestamp": 1743600086.011081,
            "AoI": 22.150993347167898
        },
        {
            "Timestamp": 1743600086.1141,
            "AoI": 25.022983551025302
        },
        {
            "Timestamp": 1743600086.217075,
            "AoI": 27.8542041778564
        },
        {
            "Timestamp": 1743600086.325161,
            "AoI": 35.7918739318847
        },
        {
            "Timestamp": 1743600086.409075,
            "AoI": 19.556999206542898
        },
        {
            "Timestamp": 1743600086.511081,
            "AoI": 21.4500427246093
        },
        {
            "Timestamp": 1743600086.617077,
            "AoI": 26.9720554351806
        },
        {
            "Timestamp": 1743600086.721099,
            "AoI": 30.84397315979
        },
        {
            "Timestamp": 1743600086.817076,
            "AoI": 26.700019836425703
        },
        {
            "Timestamp": 1743600086.917073,
            "AoI": 26.576042175292898
        },
        {
            "Timestamp": 1743600087.02116,
            "AoI": 30.5178165435791
        },
        {
            "Timestamp": 1743600087.117161,
            "AoI": 26.3779163360595
        },
        {
            "Timestamp": 1743600087.217079,
            "AoI": 26.152849197387603
        },
        {
            "Timestamp": 1743600087.321076,
            "AoI": 30.0369262695312
        },
        {
            "Timestamp": 1743600087.417075,
            "AoI": 25.343894958496
        },
        {
            "Timestamp": 1743600087.52516,
            "AoI": 33.3101749420166
        },
        {
            "Timestamp": 1743600087.621162,
            "AoI": 29.1979312896728
        },
        {
            "Timestamp": 1743600087.717167,
            "AoI": 25.058984756469698
        },
        {
            "Timestamp": 1743600087.825076,
            "AoI": 32.8230857849121
        },
        {
            "Timestamp": 1743600087.921075,
            "AoI": 28.6791324615478
        },
        {
            "Timestamp": 1743600088.017075,
            "AoI": 24.5590209960937
        },
        {
            "Timestamp": 1743600088.125084,
            "AoI": 32.4218273162841
        },
        {
            "Timestamp": 1743600088.221165,
            "AoI": 28.3529758453369
        },
        {
            "Timestamp": 1743600088.317161,
            "AoI": 23.878097534179602
        },
        {
            "Timestamp": 1743600088.425079,
            "AoI": 31.643152236938402
        },
        {
            "Timestamp": 1743600088.514905,
            "AoI": 21.357059478759698
        },
        {
            "Timestamp": 1743600088.614008,
            "AoI": 20.3418731689453
        },
        {
            "Timestamp": 1743600088.725162,
            "AoI": 31.3529968261718
        },
        {
            "Timestamp": 1743600088.821174,
            "AoI": 27.2529125213623
        },
        {
            "Timestamp": 1743600088.917164,
            "AoI": 23.1311321258544
        },
        {
            "Timestamp": 1743600089.025074,
            "AoI": 30.898094177246
        },
        {
            "Timestamp": 1743600089.121076,
            "AoI": 26.789188385009698
        },
        {
            "Timestamp": 1743600089.217074,
            "AoI": 22.673845291137603
        },
        {
            "Timestamp": 1743600089.317072,
            "AoI": 22.192955017089798
        },
        {
            "Timestamp": 1743600089.421161,
            "AoI": 26.166915893554602
        },
        {
            "Timestamp": 1743600089.521076,
            "AoI": 25.9609222412109
        },
        {
            "Timestamp": 1743600089.625075,
            "AoI": 29.818058013915998
        },
        {
            "Timestamp": 1743600089.731084,
            "AoI": 35.7141494750976
        },
        {
            "Timestamp": 1743600089.829167,
            "AoI": 33.6527824401855
        },
        {
            "Timestamp": 1743600089.925165,
            "AoI": 29.490947723388597
        },
        {
            "Timestamp": 1743600090.021164,
            "AoI": 25.3779888153076
        },
        {
            "Timestamp": 1743600090.121077,
            "AoI": 25.1791477203369
        },
        {
            "Timestamp": 1743600090.225075,
            "AoI": 29.058933258056598
        },
        {
            "Timestamp": 1743600090.321075,
            "AoI": 24.636030197143498
        },
        {
            "Timestamp": 1743600090.429159,
            "AoI": 32.5658321380615
        },
        {
            "Timestamp": 1743600090.52516,
            "AoI": 28.4440517425537
        },
        {
            "Timestamp": 1743600090.621163,
            "AoI": 24.302005767822198
        },
        {
            "Timestamp": 1743600090.721078,
            "AoI": 24.0969657897949
        },
        {
            "Timestamp": 1743600090.825075,
            "AoI": 27.949810028076097
        },
        {
            "Timestamp": 1743600090.921075,
            "AoI": 23.8070487976074
        },
        {
            "Timestamp": 1743600091.029164,
            "AoI": 31.783103942870998
        },
        {
            "Timestamp": 1743600091.121076,
            "AoI": 23.0350494384765
        },
        {
            "Timestamp": 1743600091.221163,
            "AoI": 23.0100154876709
        },
        {
            "Timestamp": 1743600091.321077,
            "AoI": 22.811174392700103
        },
        {
            "Timestamp": 1743600091.425076,
            "AoI": 26.6540050506591
        },
        {
            "Timestamp": 1743600091.521074,
            "AoI": 22.520065307617102
        },
        {
            "Timestamp": 1743600091.629161,
            "AoI": 30.444860458374
        },
        {
            "Timestamp": 1743600091.725163,
            "AoI": 26.333093643188402
        },
        {
            "Timestamp": 1743600091.825086,
            "AoI": 26.1120796203613
        },
        {
            "Timestamp": 1743600091.929079,
            "AoI": 29.9961566925048
        },
        {
            "Timestamp": 1743600092.025077,
            "AoI": 25.448083877563402
        },
        {
            "Timestamp": 1743600092.121076,
            "AoI": 21.340131759643498
        },
        {
            "Timestamp": 1743600092.229168,
            "AoI": 29.3159484863281
        }
    ]
}