{
    "msm_id": "67ed3d15c045f209793ab8fe",
    "aoi_min": 14.9729251861572,
    "aoi_max": 37.4808311462402,
    "aois": [
        {
            "Timestamp": 1743600919.441085,
            "AoI": 24.59716796875
        },
        {
            "Timestamp": 1743600920.445083,
            "AoI": 28.4199714660644
        },
        {
            "Timestamp": 1743600921.445078,
            "AoI": 28.249979019165
        },
        {
            "Timestamp": 1743600922.445077,
            "AoI": 28.0940532684326
        },
        {
            "Timestamp": 1743600923.451096,
            "AoI": 33.965110778808494
        },
        {
            "Timestamp": 1743600924.445025,
            "AoI": 27.7490615844726
        },
        {
            "Timestamp": 1743600925.445083,
            "AoI": 27.670860290527298
        },
        {
            "Timestamp": 1743600926.439713,
            "AoI": 21.9171047210693
        },
        {
            "Timestamp": 1743600927.441153,
            "AoI": 23.221015930175703
        },
        {
            "Timestamp": 1743600928.445084,
            "AoI": 27.018070220947198
        },
        {
            "Timestamp": 1743600929.439337,
            "AoI": 21.1429595947265
        },
        {
            "Timestamp": 1743600930.44115,
            "AoI": 22.8290557861328
        },
        {
            "Timestamp": 1743600931.445083,
            "AoI": 26.634931564330998
        },
        {
            "Timestamp": 1743600932.440053,
            "AoI": 21.4629173278808
        },
        {
            "Timestamp": 1743600933.441159,
            "AoI": 22.4320888519287
        },
        {
            "Timestamp": 1743600934.439255,
            "AoI": 19.9038982391357
        },
        {
            "Timestamp": 1743600935.438929,
            "AoI": 19.4551944732666
        },
        {
            "Timestamp": 1743600936.457084,
            "AoI": 37.4808311462402
        },
        {
            "Timestamp": 1743600937.449169,
            "AoI": 29.443025588989197
        },
        {
            "Timestamp": 1743600938.445088,
            "AoI": 25.229930877685497
        },
        {
            "Timestamp": 1743600939.445083,
            "AoI": 25.1038074493408
        },
        {
            "Timestamp": 1743600940.44917,
            "AoI": 29.066085815429602
        },
        {
            "Timestamp": 1743600941.445078,
            "AoI": 24.3299007415771
        },
        {
            "Timestamp": 1743600942.445081,
            "AoI": 24.2199897766113
        },
        {
            "Timestamp": 1743600943.449167,
            "AoI": 28.193950653076097
        },
        {
            "Timestamp": 1743600944.445077,
            "AoI": 23.9758491516113
        },
        {
            "Timestamp": 1743600945.445083,
            "AoI": 23.5638618469238
        },
        {
            "Timestamp": 1743600946.44916,
            "AoI": 27.5251865386962
        },
        {
            "Timestamp": 1743600947.445081,
            "AoI": 23.319959640502898
        },
        {
            "Timestamp": 1743600948.445082,
            "AoI": 23.1959819793701
        },
        {
            "Timestamp": 1743600949.449167,
            "AoI": 27.1649360656738
        },
        {
            "Timestamp": 1743600950.445078,
            "AoI": 22.944927215576097
        },
        {
            "Timestamp": 1743600951.451082,
            "AoI": 28.273105621337802
        },
        {
            "Timestamp": 1743600952.451079,
            "AoI": 28.131961822509698
        },
        {
            "Timestamp": 1743600953.445082,
            "AoI": 22.0029354095459
        },
        {
            "Timestamp": 1743600954.445083,
            "AoI": 21.8739509582519
        },
        {
            "Timestamp": 1743600955.449117,
            "AoI": 25.7730484008789
        },
        {
            "Timestamp": 1743600956.445088,
            "AoI": 21.597862243652298
        },
        {
            "Timestamp": 1743600957.44509,
            "AoI": 21.4500427246093
        },
        {
            "Timestamp": 1743600958.445083,
            "AoI": 21.305799484252898
        },
        {
            "Timestamp": 1743600959.445084,
            "AoI": 20.9200382232666
        },
        {
            "Timestamp": 1743600960.445085,
            "AoI": 20.7829475402832
        },
        {
            "Timestamp": 1743600961.445088,
            "AoI": 20.633935928344698
        },
        {
            "Timestamp": 1743600962.457135,
            "AoI": 32.5229167938232
        },
        {
            "Timestamp": 1743600963.449087,
            "AoI": 24.310827255249
        },
        {
            "Timestamp": 1743600964.449112,
            "AoI": 24.1839885711669
        },
        {
            "Timestamp": 1743600965.461087,
            "AoI": 36.0128879547119
        },
        {
            "Timestamp": 1743600966.449084,
            "AoI": 23.867130279540998
        },
        {
            "Timestamp": 1743600967.449124,
            "AoI": 23.7660408020019
        },
        {
            "Timestamp": 1743600968.449083,
            "AoI": 23.5781669616699
        },
        {
            "Timestamp": 1743600969.449084,
            "AoI": 23.442029953002898
        },
        {
            "Timestamp": 1743600970.449118,
            "AoI": 22.938013076782198
        },
        {
            "Timestamp": 1743600971.449084,
            "AoI": 22.7689743041992
        },
        {
            "Timestamp": 1743600972.457085,
            "AoI": 30.6308269500732
        },
        {
            "Timestamp": 1743600973.449121,
            "AoI": 22.5269794464111
        },
        {
            "Timestamp": 1743600974.449089,
            "AoI": 22.345066070556598
        },
        {
            "Timestamp": 1743600975.457089,
            "AoI": 29.641866683959897
        },
        {
            "Timestamp": 1743600976.44912,
            "AoI": 21.575927734375
        },
        {
            "Timestamp": 1743600977.449085,
            "AoI": 20.978927612304602
        },
        {
            "Timestamp": 1743600978.449084,
            "AoI": 20.8339691162109
        },
        {
            "Timestamp": 1743600979.46108,
            "AoI": 32.677173614501896
        },
        {
            "Timestamp": 1743600980.453085,
            "AoI": 24.5239734649658
        },
        {
            "Timestamp": 1743600981.449084,
            "AoI": 20.1950073242187
        },
        {
            "Timestamp": 1743600982.461082,
            "AoI": 32.0489406585693
        },
        {
            "Timestamp": 1743600983.449082,
            "AoI": 19.909858703613203
        },
        {
            "Timestamp": 1743600984.449082,
            "AoI": 19.7639465332031
        },
        {
            "Timestamp": 1743600985.449116,
            "AoI": 19.6540355682373
        },
        {
            "Timestamp": 1743600986.453092,
            "AoI": 23.4830379486084
        },
        {
            "Timestamp": 1743600987.457087,
            "AoI": 27.3211002349853
        },
        {
            "Timestamp": 1743600988.461086,
            "AoI": 31.1720371246337
        },
        {
            "Timestamp": 1743600989.453086,
            "AoI": 23.027896881103498
        },
        {
            "Timestamp": 1743600990.457087,
            "AoI": 26.885986328125
        },
        {
            "Timestamp": 1743600991.453087,
            "AoI": 22.7429866790771
        },
        {
            "Timestamp": 1743600992.453086,
            "AoI": 22.593975067138597
        },
        {
            "Timestamp": 1743600993.457085,
            "AoI": 26.4489650726318
        },
        {
            "Timestamp": 1743600994.461082,
            "AoI": 30.3049087524414
        },
        {
            "Timestamp": 1743600995.461086,
            "AoI": 30.1721096038818
        },
        {
            "Timestamp": 1743600996.453083,
            "AoI": 22.032976150512603
        },
        {
            "Timestamp": 1743600997.461081,
            "AoI": 29.905080795288
        },
        {
            "Timestamp": 1743600998.449089,
            "AoI": 17.775058746337802
        },
        {
            "Timestamp": 1743600999.453087,
            "AoI": 21.634101867675703
        },
        {
            "Timestamp": 1743601000.455421,
            "AoI": 23.4029293060302
        },
        {
            "Timestamp": 1743601001.449084,
            "AoI": 16.929149627685497
        },
        {
            "Timestamp": 1743601002.461084,
            "AoI": 28.791904449462802
        },
        {
            "Timestamp": 1743601003.461079,
            "AoI": 28.6509990692138
        },
        {
            "Timestamp": 1743601004.453085,
            "AoI": 20.5090045928955
        },
        {
            "Timestamp": 1743601005.453082,
            "AoI": 20.3649997711181
        },
        {
            "Timestamp": 1743601006.453084,
            "AoI": 20.2269554138183
        },
        {
            "Timestamp": 1743601007.453083,
            "AoI": 20.0870037078857
        },
        {
            "Timestamp": 1743601008.453082,
            "AoI": 19.9470520019531
        },
        {
            "Timestamp": 1743601009.453083,
            "AoI": 19.8090076446533
        },
        {
            "Timestamp": 1743601010.457125,
            "AoI": 23.7059593200683
        },
        {
            "Timestamp": 1743601011.453087,
            "AoI": 19.5250511169433
        },
        {
            "Timestamp": 1743601012.453084,
            "AoI": 19.381046295165998
        },
        {
            "Timestamp": 1743601013.453084,
            "AoI": 19.239902496337802
        },
        {
            "Timestamp": 1743601014.461084,
            "AoI": 27.0957946777343
        },
        {
            "Timestamp": 1743601015.461083,
            "AoI": 26.955842971801697
        },
        {
            "Timestamp": 1743601016.453089,
            "AoI": 18.8190937042236
        },
        {
            "Timestamp": 1743601017.453085,
            "AoI": 18.6989307403564
        },
        {
            "Timestamp": 1743601018.453084,
            "AoI": 18.5930728912353
        },
        {
            "Timestamp": 1743601019.453085,
            "AoI": 18.4879302978515
        },
        {
            "Timestamp": 1743601020.461083,
            "AoI": 26.3659954071044
        },
        {
            "Timestamp": 1743601021.461088,
            "AoI": 26.249885559082
        },
        {
            "Timestamp": 1743601022.465092,
            "AoI": 30.0769805908203
        },
        {
            "Timestamp": 1743601023.465123,
            "AoI": 29.9978256225585
        },
        {
            "Timestamp": 1743601024.461084,
            "AoI": 25.8319377899169
        },
        {
            "Timestamp": 1743601025.465085,
            "AoI": 29.708147048950103
        },
        {
            "Timestamp": 1743601026.465124,
            "AoI": 29.6390056610107
        },
        {
            "Timestamp": 1743601027.465081,
            "AoI": 29.484033584594698
        },
        {
            "Timestamp": 1743601028.461089,
            "AoI": 25.35080909729
        },
        {
            "Timestamp": 1743601029.46512,
            "AoI": 29.174089431762603
        },
        {
            "Timestamp": 1743601030.461082,
            "AoI": 25.031089782714798
        },
        {
            "Timestamp": 1743601031.461086,
            "AoI": 24.907112121582
        },
        {
            "Timestamp": 1743601032.465118,
            "AoI": 28.816938400268498
        },
        {
            "Timestamp": 1743601033.465084,
            "AoI": 28.6619663238525
        },
        {
            "Timestamp": 1743601034.465087,
            "AoI": 28.5549163818359
        },
        {
            "Timestamp": 1743601035.46512,
            "AoI": 28.4850597381591
        },
        {
            "Timestamp": 1743601036.458779,
            "AoI": 22.025108337402298
        },
        {
            "Timestamp": 1743601037.461085,
            "AoI": 23.986101150512603
        },
        {
            "Timestamp": 1743601038.461083,
            "AoI": 23.8809585571289
        },
        {
            "Timestamp": 1743601039.461082,
            "AoI": 23.7629413604736
        },
        {
            "Timestamp": 1743601040.46109,
            "AoI": 23.643016815185497
        },
        {
            "Timestamp": 1743601041.465124,
            "AoI": 27.571916580200103
        },
        {
            "Timestamp": 1743601042.461083,
            "AoI": 23.4160423278808
        },
        {
            "Timestamp": 1743601043.461084,
            "AoI": 23.308992385864197
        },
        {
            "Timestamp": 1743601044.461081,
            "AoI": 23.186922073364197
        },
        {
            "Timestamp": 1743601045.46108,
            "AoI": 23.080110549926697
        },
        {
            "Timestamp": 1743601046.463778,
            "AoI": 25.6679058074951
        },
        {
            "Timestamp": 1743601047.461082,
            "AoI": 22.870063781738203
        },
        {
            "Timestamp": 1743601048.465079,
            "AoI": 26.7491340637207
        },
        {
            "Timestamp": 1743601049.46508,
            "AoI": 26.648044586181598
        },
        {
            "Timestamp": 1743601050.465118,
            "AoI": 26.587009429931598
        },
        {
            "Timestamp": 1743601051.46508,
            "AoI": 26.4389514923095
        },
        {
            "Timestamp": 1743601052.461085,
            "AoI": 22.320032119750902
        },
        {
            "Timestamp": 1743601053.461082,
            "AoI": 22.213935852050703
        },
        {
            "Timestamp": 1743601054.461079,
            "AoI": 22.1138000488281
        },
        {
            "Timestamp": 1743601055.461084,
            "AoI": 22.020816802978498
        },
        {
            "Timestamp": 1743601056.461082,
            "AoI": 21.9039916992187
        },
        {
            "Timestamp": 1743601057.469082,
            "AoI": 29.8001766204834
        },
        {
            "Timestamp": 1743601058.461085,
            "AoI": 21.6801166534423
        },
        {
            "Timestamp": 1743601059.461083,
            "AoI": 21.5749740600585
        },
        {
            "Timestamp": 1743601060.46108,
            "AoI": 21.4540958404541
        },
        {
            "Timestamp": 1743601061.461084,
            "AoI": 21.3449001312255
        },
        {
            "Timestamp": 1743601062.465118,
            "AoI": 25.277853012084897
        },
        {
            "Timestamp": 1743601063.465081,
            "AoI": 25.1410007476806
        },
        {
            "Timestamp": 1743601064.463002,
            "AoI": 22.5970745086669
        },
        {
            "Timestamp": 1743601065.465119,
            "AoI": 24.5978832244873
        },
        {
            "Timestamp": 1743601066.46508,
            "AoI": 24.459123611450103
        },
        {
            "Timestamp": 1743601067.465081,
            "AoI": 24.3599414825439
        },
        {
            "Timestamp": 1743601068.465116,
            "AoI": 24.282932281494098
        },
        {
            "Timestamp": 1743601069.471087,
            "AoI": 30.1508903503417
        },
        {
            "Timestamp": 1743601070.465084,
            "AoI": 24.0440368652343
        },
        {
            "Timestamp": 1743601071.465119,
            "AoI": 23.9779949188232
        },
        {
            "Timestamp": 1743601072.465079,
            "AoI": 23.8239765167236
        },
        {
            "Timestamp": 1743601073.463088,
            "AoI": 21.7311382293701
        },
        {
            "Timestamp": 1743601074.465116,
            "AoI": 23.6589908599853
        },
        {
            "Timestamp": 1743601075.465079,
            "AoI": 23.522138595580998
        },
        {
            "Timestamp": 1743601076.463358,
            "AoI": 21.6748714447021
        },
        {
            "Timestamp": 1743601077.465121,
            "AoI": 23.333072662353498
        },
        {
            "Timestamp": 1743601078.465082,
            "AoI": 23.1950283050537
        },
        {
            "Timestamp": 1743601079.463234,
            "AoI": 21.245002746582
        },
        {
            "Timestamp": 1743601080.457085,
            "AoI": 14.9729251861572
        },
        {
            "Timestamp": 1743601081.465092,
            "AoI": 22.8588581085205
        },
        {
            "Timestamp": 1743601082.465091,
            "AoI": 22.6860046386718
        },
        {
            "Timestamp": 1743601083.465127,
            "AoI": 22.6221084594726
        },
        {
            "Timestamp": 1743601084.465081,
            "AoI": 22.4599838256835
        },
        {
            "Timestamp": 1743601085.465084,
            "AoI": 22.346019744872997
        },
        {
            "Timestamp": 1743601086.465121,
            "AoI": 22.2699642181396
        },
        {
            "Timestamp": 1743601087.46508,
            "AoI": 22.1149921417236
        },
        {
            "Timestamp": 1743601088.469081,
            "AoI": 25.983810424804602
        }
    ]
}