Timestamp,Current
1739873992.1489344,0.038
1739873992.1538038,0.036000000000000004
1739873992.1586576,0.036000000000000004
1739873992.1634963,0.036000000000000004
1739873992.1683512,0.036000000000000004
1739873992.173199,0.036000000000000004
1739873992.1780372,0.059000000000000004
1739873992.1828835,0.059000000000000004
1739873992.187723,0.076
1739873992.192561,0.076
1739873992.1973972,0.06
1739873992.2022338,0.06
1739873992.2070742,0.111
1739873992.2119153,0.113
1739873992.2167513,0.113
1739873992.2215889,0.107
1739873992.2264304,0.107
1739873992.2312672,0.095
1739873992.236126,0.091
1739873992.2409754,0.091
1739873992.245813,0.09
1739873992.2506514,0.09
1739873992.2554893,0.088
1739873992.260326,0.088
1739873992.265162,0.088
1739873992.2699988,0.085
1739873992.2748363,0.085
1739873992.279671,0.092
1739873992.2845068,0.092
1739873992.2893443,0.082
1739873992.2941802,0.082
1739873992.299016,0.036000000000000004
1739873992.3038538,0.036000000000000004
1739873992.308691,0.036000000000000004
1739873992.3135278,0.036000000000000004
1739873992.318364,0.036000000000000004
1739873992.3232005,0.038
1739873992.328036,0.036000000000000004
1739873992.3328724,0.036000000000000004
1739873992.3377156,0.038
1739873992.342552,0.038
1739873992.3473876,0.039
1739873992.352223,0.039
1739873992.3570583,0.036000000000000004
1739873992.3618948,0.036000000000000004
1739873992.366732,0.036000000000000004
1739873992.3715682,0.036000000000000004
1739873992.3764045,0.036000000000000004
1739873992.3812444,0.036000000000000004
1739873992.3860812,0.036000000000000004
1739873992.3909168,0.036000000000000004
1739873992.3957534,0.036000000000000004
1739873992.4005904,0.036000000000000004
1739873992.405427,0.036000000000000004
1739873992.4102633,0.036000000000000004
1739873992.4150999,0.036000000000000004
1739873992.419936,0.036000000000000004
1739873992.4247725,0.036000000000000004
1739873992.429609,0.037
1739873992.4344442,0.037
1739873992.4392884,0.039
1739873992.4441247,0.039
1739873992.4489603,0.039
1739873992.4537957,0.036000000000000004
1739873992.4586341,0.036000000000000004
1739873992.463471,0.036000000000000004
1739873992.4683075,0.036000000000000004
1739873992.473144,0.036000000000000004
1739873992.4779801,0.036000000000000004
1739873992.4828188,0.036000000000000004
1739873992.4876556,0.036000000000000004
1739873992.492492,0.036000000000000004
1739873992.4973283,0.046
1739873992.5021636,0.046
1739873992.5069993,0.07200000000000001
1739873992.5118356,0.057
1739873992.5166714,0.057
1739873992.5215068,0.113
1739873992.5263424,0.113
1739873992.531178,0.112
1739873992.5360134,0.112
1739873992.540848,0.113
1739873992.5456839,0.08700000000000001
1739873992.5505207,0.08700000000000001
1739873992.5553572,0.09
1739873992.5601926,0.09
1739873992.5650282,0.089
1739873992.5698638,0.089
1739873992.5746987,0.089
1739873992.5795338,0.086
1739873992.5843716,0.086
1739873992.5892074,0.083
1739873992.5940511,0.083
1739873992.5988865,0.106
1739873992.6037216,0.055
1739873992.6085572,0.055
1739873992.6133924,0.036000000000000004
1739873992.618229,0.036000000000000004
1739873992.623066,0.036000000000000004
1739873992.627902,0.036000000000000004
1739873992.6327384,0.038
1739873992.6375737,0.039
1739873992.6424093,0.039
1739873992.6472447,0.038
1739873992.6520798,0.038
1739873992.6569154,0.038
1739873992.661751,0.038
1739873992.6665862,0.036000000000000004
1739873992.6714227,0.036000000000000004
1739873992.676259,0.036000000000000004
1739873992.6810951,0.036000000000000004
1739873992.6859334,0.036000000000000004
1739873992.69077,0.036000000000000004
1739873992.6956062,0.036000000000000004
1739873992.700442,0.036000000000000004
1739873992.7052789,0.036000000000000004
1739873992.7101157,0.036000000000000004
1739873992.7149518,0.036000000000000004
1739873992.7197883,0.036000000000000004
1739873992.7246242,0.038
1739873992.7294602,0.037
1739873992.7342956,0.037
1739873992.739131,0.038
1739873992.7439666,0.038
1739873992.7488012,0.039
1739873992.7536368,0.039
1739873992.7584722,0.039
1739873992.763308,0.036000000000000004
1739873992.7681448,0.036000000000000004
1739873992.7729812,0.036000000000000004
1739873992.7778175,0.036000000000000004
1739873992.7826545,0.036000000000000004
1739873992.7874925,0.036000000000000004
1739873992.7923295,0.036000000000000004
1739873992.797166,0.036000000000000004
1739873992.8020027,0.036000000000000004
1739873992.8068392,0.036000000000000004
1739873992.8116753,0.036000000000000004
1739873992.8165116,0.036000000000000004
1739873992.8213484,0.051000000000000004
1739873992.826185,0.051000000000000004
1739873992.8310213,0.062
1739873992.8358567,0.062
1739873992.8406918,0.09
1739873992.8455274,0.09
1739873992.8503625,0.114
1739873992.8551981,0.114
1739873992.8600335,0.114
1739873992.8648694,0.039
1739873992.869705,0.039
1739873992.8745403,0.036000000000000004
1739873992.879377,0.036000000000000004
1739873992.8842134,0.036000000000000004
1739873992.8890514,0.036000000000000004
1739873992.8938882,0.036000000000000004
1739873992.8987246,0.036000000000000004
1739873992.9035602,0.036000000000000004
1739873992.9083967,0.036000000000000004
1739873992.913234,0.036000000000000004
1739873992.9180708,0.036000000000000004
1739873992.9229066,0.038
1739873992.927742,0.038
1739873992.9325776,0.037
1739873992.937413,0.037
1739873992.9422503,0.036000000000000004
1739873992.9470868,0.039
1739873992.951922,0.039
1739873992.9567568,0.038
1739873992.9615915,0.038
1739873992.9664264,0.036000000000000004
1739873992.9712625,0.036000000000000004
1739873992.9760985,0.036000000000000004
1739873992.9809349,0.036000000000000004
1739873992.985771,0.036000000000000004
1739873992.9906082,0.036000000000000004
1739873992.9954445,0.036000000000000004
1739873993.0002804,0.036000000000000004
1739873993.0051172,0.036000000000000004
1739873993.009953,0.036000000000000004
1739873993.0147889,0.036000000000000004
1739873993.019625,0.036000000000000004
1739873993.024461,0.036000000000000004
1739873993.0292974,0.036000000000000004
1739873993.0341332,0.038
1739873993.038968,0.036000000000000004
1739873993.0438042,0.036000000000000004
1739873993.0486403,0.038
1739873993.0534754,0.038
1739873993.0583105,0.039
1739873993.0631452,0.039
1739873993.0679803,0.037
1739873993.072815,0.036000000000000004
1739873993.077651,0.036000000000000004
1739873993.0824873,0.036000000000000004
1739873993.087323,0.036000000000000004
1739873993.0921602,0.036000000000000004
1739873993.0969963,0.036000000000000004
1739873993.1018326,0.036000000000000004
1739873993.1066685,0.036000000000000004
1739873993.1115048,0.036000000000000004
1739873993.1163414,0.036000000000000004
1739873993.1211767,0.036000000000000004
1739873993.126013,0.038
1739873993.1308477,0.037
1739873993.1356828,0.037
1739873993.1405177,0.059000000000000004
1739873993.1453588,0.059000000000000004
1739873993.1501951,0.067
1739873993.1550303,0.067
1739873993.159865,0.065
1739873993.1647003,0.112
1739873993.1695511,0.112
1739873993.1743953,0.115
1739873993.1792316,0.115
1739873993.1840677,0.056
1739873993.188903,0.036000000000000004
1739873993.193743,0.036000000000000004
1739873993.1985803,0.036000000000000004
1739873993.2034173,0.036000000000000004
1739873993.208254,0.036000000000000004
1739873993.2130911,0.036000000000000004
1739873993.2179275,0.038
1739873993.222763,0.036000000000000004
1739873993.2275994,0.036000000000000004
1739873993.2324357,0.038
1739873993.2372713,0.038
1739873993.242107,0.036000000000000004
1739873993.2469432,0.036000000000000004
1739873993.2517793,0.038
1739873993.2566147,0.038
1739873993.26145,0.038
1739873993.266285,0.038
1739873993.2711213,0.038
1739873993.2759562,0.036000000000000004
1739873993.2807922,0.036000000000000004
1739873993.2856286,0.036000000000000004
1739873993.2904649,0.036000000000000004
1739873993.2953026,0.036000000000000004
1739873993.3001392,0.036000000000000004
1739873993.3049762,0.036000000000000004
1739873993.3098125,0.036000000000000004
1739873993.3146489,0.036000000000000004
1739873993.319485,0.036000000000000004
1739873993.3243926,0.038
1739873993.3292308,0.038
1739873993.334067,0.037
1739873993.338903,0.037
1739873993.3437386,0.036000000000000004
1739873993.3485749,0.038
1739873993.3534107,0.038
1739873993.3582475,0.039
1739873993.3630836,0.039
1739873993.3679192,0.036000000000000004
1739873993.3727555,0.036000000000000004
1739873993.3775923,0.036000000000000004
1739873993.3824286,0.036000000000000004
1739873993.387265,0.036000000000000004
1739873993.3921013,0.036000000000000004
1739873993.3969395,0.036000000000000004
1739873993.4017768,0.036000000000000004
1739873993.4066133,0.036000000000000004
1739873993.4114494,0.036000000000000004
1739873993.4162853,0.038
1739873993.42112,0.038
1739873993.4259553,0.036000000000000004
1739873993.4307911,0.036000000000000004
1739873993.435627,0.038
1739873993.4404619,0.036000000000000004
1739873993.4452982,0.036000000000000004
1739873993.4501338,0.037
1739873993.4549687,0.037
1739873993.4598036,0.057
1739873993.464639,0.08
1739873993.4694738,0.08
1739873993.4743085,0.058
1739873993.4791439,0.058
1739873993.483979,0.111
1739873993.4888139,0.111
1739873993.493649,0.112
1739873993.4984856,0.10200000000000001
1739873993.5033224,0.10200000000000001
1739873993.5081582,0.049
1739873993.512993,0.049
1739873993.5178287,0.036000000000000004
1739873993.5226648,0.036000000000000004
1739873993.5275004,0.038
1739873993.5323353,0.037
1739873993.53717,0.037
1739873993.5420053,0.036000000000000004
1739873993.5468411,0.036000000000000004
1739873993.5516768,0.037
1739873993.5565114,0.038
1739873993.561346,0.038
1739873993.566181,0.036000000000000004
1739873993.571017,0.036000000000000004
1739873993.5758529,0.038
1739873993.5806873,0.038
1739873993.5855224,0.036000000000000004
1739873993.5903587,0.036000000000000004
1739873993.5951948,0.036000000000000004
1739873993.6000304,0.036000000000000004
1739873993.6048667,0.036000000000000004
1739873993.6097028,0.036000000000000004
1739873993.614539,0.036000000000000004
1739873993.6193748,0.038
1739873993.62421,0.036000000000000004
1739873993.6290457,0.036000000000000004
1739873993.6338825,0.038
1739873993.6387177,0.038
1739873993.6435525,0.036000000000000004
1739873993.6483886,0.036000000000000004
1739873993.653225,0.036000000000000004
1739873993.658061,0.038
1739873993.662896,0.038
1739873993.667731,0.038
1739873993.6725657,0.038
1739873993.6774004,0.035
1739873993.6822355,0.036000000000000004
1739873993.6870713,0.036000000000000004
1739873993.6919076,0.036000000000000004
1739873993.6967432,0.036000000000000004
1739873993.7015803,0.036000000000000004
1739873993.7064166,0.036000000000000004
1739873993.7112522,0.036000000000000004
1739873993.7160883,0.036000000000000004
1739873993.720924,0.036000000000000004
1739873993.7257597,0.039
1739873993.7305949,0.039
1739873993.7354295,0.038
1739873993.7402756,0.038
1739873993.7451177,0.036000000000000004
1739873993.7499557,0.036000000000000004
1739873993.754792,0.036000000000000004
1739873993.7596276,0.038
1739873993.764463,0.038
1739873993.7692983,0.036000000000000004
1739873993.7741346,0.039
1739873993.7789695,0.039
1739873993.783805,0.067
1739873993.7886398,0.067
1739873993.7934752,0.057
1739873993.7983098,0.057
1739873993.8031478,0.101
1739873993.8079839,0.111
1739873993.8128297,0.111
1739873993.8176758,0.10200000000000001
1739873993.8225138,0.10200000000000001
1739873993.827352,0.036000000000000004
1739873993.8321886,0.036000000000000004
1739873993.8370247,0.038
1739873993.8418603,0.036000000000000004
1739873993.8466973,0.036000000000000004
1739873993.8515337,0.036000000000000004
1739873993.8563697,0.036000000000000004
1739873993.8612056,0.038
1739873993.8660505,0.038
1739873993.870886,0.038
1739873993.8757212,0.036000000000000004
1739873993.8805575,0.036000000000000004
1739873993.885394,0.036000000000000004
1739873993.8902304,0.036000000000000004
1739873993.895067,0.036000000000000004
1739873993.8999028,0.036000000000000004
1739873993.904742,0.036000000000000004
1739873993.9095786,0.036000000000000004
1739873993.914415,0.036000000000000004
1739873993.9192514,0.036000000000000004
1739873993.9240875,0.036000000000000004
1739873993.9289234,0.038
1739873993.9337585,0.037
1739873993.9385939,0.037
1739873993.94343,0.036000000000000004
1739873993.9482667,0.036000000000000004
1739873993.9531033,0.036000000000000004
1739873993.9579391,0.037
1739873993.962775,0.037
1739873993.9676104,0.038
1739873993.9724455,0.038
1739873993.9772801,0.038
1739873993.9821155,0.038
1739873993.9869502,0.036000000000000004
1739873993.9917862,0.036000000000000004
1739873993.996622,0.036000000000000004
1739873994.0014577,0.036000000000000004
1739873994.0062954,0.036000000000000004
1739873994.011132,0.036000000000000004
1739873994.0159678,0.036000000000000004
1739873994.0208032,0.037
1739873994.0256383,0.036000000000000004
1739873994.0304742,0.036000000000000004
1739873994.0353098,0.036000000000000004
1739873994.040146,0.036000000000000004
1739873994.0449824,0.036000000000000004
1739873994.049818,0.036000000000000004
1739873994.054654,0.036000000000000004
1739873994.0594895,0.037
1739873994.0643246,0.037
1739873994.0691595,0.039
1739873994.0739942,0.039
1739873994.0788293,0.038
1739873994.0836644,0.036000000000000004
1739873994.0885,0.036000000000000004
1739873994.0933359,0.036000000000000004
1739873994.0981715,0.036000000000000004
1739873994.1030076,0.051000000000000004
1739873994.107845,0.051000000000000004
1739873994.1126814,0.061
1739873994.1175165,0.073
1739873994.1223516,0.073
1739873994.127187,0.114
1739873994.1320217,0.114
1739873994.1368563,0.121
1739873994.1416917,0.049
1739873994.146526,0.049
1739873994.151361,0.036000000000000004
1739873994.156197,0.036000000000000004
1739873994.161033,0.036000000000000004
1739873994.165869,0.036000000000000004
1739873994.1707208,0.038
1739873994.175565,0.038
1739873994.180401,0.038
1739873994.185237,0.037
1739873994.1900728,0.037
1739873994.1949084,0.036000000000000004
1739873994.1997447,0.036000000000000004
1739873994.204582,0.036000000000000004
1739873994.2094188,0.036000000000000004
1739873994.2142556,0.036000000000000004
1739873994.219092,0.037
1739873994.2239275,0.037
1739873994.228763,0.036000000000000004
1739873994.2335992,0.036000000000000004
1739873994.238436,0.036000000000000004
1739873994.243273,0.036000000000000004
1739873994.248109,0.036000000000000004
1739873994.2529457,0.043
1739873994.2577813,0.043
1739873994.2626166,0.043
1739873994.2674522,0.057
1739873994.2722878,0.057
1739873994.277123,0.044
1739873994.2819588,0.044
1739873994.2867942,0.04
1739873994.2916303,0.04
1739873994.2964656,0.036000000000000004
1739873994.3013027,0.036000000000000004
1739873994.3061395,0.036000000000000004
1739873994.310979,0.036000000000000004
1739873994.315816,0.036000000000000004
1739873994.3206518,0.039
1739873994.3254874,0.038
1739873994.3303227,0.038
1739873994.335158,0.038
1739873994.339993,0.038
1739873994.3448286,0.036000000000000004
1739873994.349665,0.036000000000000004
1739873994.3545015,0.036000000000000004
1739873994.3593373,0.036000000000000004
1739873994.3641741,0.036000000000000004
1739873994.3690104,0.038
1739873994.3738458,0.038
1739873994.3786812,0.036000000000000004
1739873994.3835175,0.036000000000000004
1739873994.3883538,0.036000000000000004
1739873994.3931901,0.036000000000000004
1739873994.3980265,0.036000000000000004
1739873994.4028628,0.036000000000000004
1739873994.407699,0.036000000000000004
1739873994.4125369,0.036000000000000004
1739873994.417374,0.036000000000000004
1739873994.4222105,0.06
1739873994.427046,0.075
1739873994.4318814,0.075
1739873994.4367168,0.06
1739873994.4415522,0.06
1739873994.4463882,0.111
1739873994.4512239,0.113
1739873994.4560595,0.113
1739873994.4608943,0.063
1739873994.46573,0.063
1739873994.4705653,0.037
1739873994.4754004,0.037
1739873994.4802358,0.038
1739873994.4850714,0.036000000000000004
1739873994.489908,0.036000000000000004
1739873994.4947443,0.036000000000000004
1739873994.4995806,0.036000000000000004
1739873994.5044541,0.036000000000000004
1739873994.5092926,0.036000000000000004
1739873994.5141318,0.036000000000000004
1739873994.5189686,0.036000000000000004
1739873994.5238051,0.036000000000000004
1739873994.5286415,0.038
1739873994.533477,0.038
1739873994.5383124,0.038
1739873994.5431483,0.036000000000000004
1739873994.5479844,0.036000000000000004
1739873994.5528207,0.036000000000000004
1739873994.5576568,0.036000000000000004
1739873994.5624933,0.036000000000000004
1739873994.56733,0.036000000000000004
1739873994.572166,0.037
1739873994.5770013,0.038
1739873994.5818374,0.038
1739873994.5866723,0.036000000000000004
1739873994.591509,0.036000000000000004
1739873994.5963454,0.036000000000000004
1739873994.6011815,0.036000000000000004
1739873994.606018,0.036000000000000004
1739873994.6108549,0.036000000000000004
1739873994.6156929,0.036000000000000004
1739873994.6205294,0.036000000000000004
1739873994.6253657,0.036000000000000004
1739873994.6302023,0.039
1739873994.635038,0.036000000000000004
1739873994.639874,0.036000000000000004
1739873994.6447113,0.036000000000000004
1739873994.6495476,0.036000000000000004
1739873994.654384,0.036000000000000004
1739873994.6592207,0.036000000000000004
1739873994.6640573,0.036000000000000004
1739873994.6688933,0.036000000000000004
1739873994.6737301,0.036000000000000004
1739873994.6785665,0.038
1739873994.683402,0.038
1739873994.6882374,0.036000000000000004
1739873994.6930737,0.036000000000000004
1739873994.6979108,0.036000000000000004
1739873994.7027473,0.036000000000000004
1739873994.7075834,0.036000000000000004
1739873994.7124197,0.036000000000000004
1739873994.717258,0.036000000000000004
1739873994.7220948,0.036000000000000004
1739873994.7269316,0.037
1739873994.7317667,0.037
1739873994.736602,0.048
1739873994.7414372,0.048
1739873994.7462726,0.073
1739873994.751108,0.073
1739873994.7559435,0.057
1739873994.7607784,0.111
1739873994.7656143,0.111
1739873994.7704494,0.111
1739873994.7752848,0.111
1739873994.78012,0.10400000000000001
1739873994.7849565,0.10400000000000001
1739873994.789793,0.06
1739873994.794628,0.036000000000000004
1739873994.799464,0.036000000000000004
1739873994.8043005,0.036000000000000004
1739873994.8091369,0.036000000000000004
1739873994.8139744,0.036000000000000004
1739873994.8188121,0.037
1739873994.823648,0.037
1739873994.8284833,0.038
1739873994.8333187,0.038
1739873994.838154,0.038
1739873994.8429892,0.038
1739873994.8478243,0.037
1739873994.8526597,0.036000000000000004
1739873994.857496,0.036000000000000004
1739873994.8623323,0.036000000000000004
1739873994.8671691,0.036000000000000004
1739873994.8720055,0.036000000000000004
1739873994.876842,0.036000000000000004
1739873994.881678,0.039
1739873994.8865132,0.036000000000000004
1739873994.8913498,0.036000000000000004
1739873994.8961859,0.036000000000000004
1739873994.901022,0.036000000000000004
1739873994.9058583,0.036000000000000004
1739873994.9106946,0.036000000000000004
1739873994.9155307,0.036000000000000004
1739873994.9203672,0.036000000000000004
1739873994.9252043,0.036000000000000004
1739873994.930049,0.038
1739873994.9348843,0.038
1739873994.9397197,0.036000000000000004
1739873994.944556,0.038
1739873994.9493916,0.038
1739873994.9542272,0.036000000000000004
1739873994.9590638,0.036000000000000004
1739873994.9639006,0.036000000000000004
1739873994.9687371,0.036000000000000004
1739873994.9735734,0.036000000000000004
1739873994.9784098,0.038
1739873994.9832447,0.038
1739873994.9880807,0.036000000000000004
1739873994.9929175,0.036000000000000004
1739873994.9977534,0.036000000000000004
1739873995.0025897,0.036000000000000004
1739873995.0074258,0.036000000000000004
1739873995.0122614,0.036000000000000004
1739873995.0170975,0.036000000000000004
1739873995.0219357,0.037
1739873995.0267713,0.037
1739873995.0316062,0.037
1739873995.036441,0.036000000000000004
1739873995.0412774,0.036000000000000004
1739873995.0461133,0.038
1739873995.0509484,0.038
1739873995.0557835,0.036000000000000004
1739873995.060619,0.036000000000000004
1739873995.0654552,0.052000000000000005
1739873995.0702908,0.06
1739873995.0751257,0.06
1739873995.0799608,0.09
1739873995.084796,0.09
1739873995.0896306,0.111
1739873995.0944655,0.115
1739873995.0993001,0.115
1739873995.1041355,0.038
1739873995.1089702,0.038
1739873995.1138053,0.036000000000000004
1739873995.1186414,0.036000000000000004
1739873995.1234791,0.036000000000000004
1739873995.1283154,0.037
1739873995.13315,0.037
1739873995.137985,0.037
1739873995.1428201,0.037
1739873995.147655,0.037
1739873995.1524901,0.037
1739873995.157325,0.036000000000000004
1739873995.1621609,0.036000000000000004
1739873995.167008,0.036000000000000004
1739873995.1718578,0.036000000000000004
1739873995.176696,0.036000000000000004
1739873995.1815324,0.036000000000000004
1739873995.1863685,0.036000000000000004
1739873995.1912045,0.036000000000000004
1739873995.1960406,0.036000000000000004
1739873995.2008765,0.036000000000000004
1739873995.205723,0.036000000000000004
1739873995.2105608,0.036000000000000004
1739873995.2153971,0.036000000000000004
1739873995.2202332,0.038
1739873995.2250717,0.038
1739873995.2299194,0.036000000000000004
1739873995.234763,0.036000000000000004
1739873995.2395988,0.036000000000000004
1739873995.2444339,0.036000000000000004
1739873995.2492716,0.038
1739873995.2541077,0.037
1739873995.258943,0.037
1739873995.2637782,0.036000000000000004
1739873995.268615,0.036000000000000004
1739873995.2734513,0.036000000000000004
1739873995.2782881,0.036000000000000004
1739873995.2831247,0.036000000000000004
1739873995.287961,0.036000000000000004
1739873995.2927973,0.036000000000000004
1739873995.297634,0.036000000000000004
1739873995.3024702,0.036000000000000004
1739873995.3073065,0.036000000000000004
1739873995.312143,0.036000000000000004
1739873995.3169796,0.036000000000000004
1739873995.3218162,0.036000000000000004
1739873995.3266556,0.036000000000000004
1739873995.331493,0.036000000000000004
1739873995.3363295,0.036000000000000004
1739873995.341166,0.037
1739873995.3460016,0.038
1739873995.3508372,0.038
1739873995.3556726,0.037
1739873995.3605077,0.037
1739873995.3653433,0.036000000000000004
1739873995.3701797,0.036000000000000004
1739873995.3750162,0.036000000000000004
1739873995.3798528,0.06
1739873995.3846884,0.06
1739873995.389524,0.063
1739873995.3943594,0.063
1739873995.3991947,0.062
1739873995.4040303,0.112
1739873995.4088662,0.112
1739873995.4137018,0.116
1739873995.4185374,0.116
1739873995.423373,0.057
1739873995.4282103,0.057
1739873995.4330459,0.036000000000000004
1739873995.4378824,0.036000000000000004
1739873995.442719,0.036000000000000004
1739873995.447555,0.039
1739873995.4523904,0.039
1739873995.457226,0.038
1739873995.4620605,0.038
1739873995.4668956,0.036000000000000004
1739873995.4717329,0.036000000000000004
1739873995.4765697,0.036000000000000004
1739873995.4814057,0.036000000000000004
1739873995.4862418,0.036000000000000004
1739873995.4910781,0.036000000000000004
1739873995.4959142,0.036000000000000004
1739873995.5007503,0.036000000000000004
1739873995.505587,0.036000000000000004
1739873995.5104237,0.036000000000000004
1739873995.51526,0.036000000000000004
1739873995.5200958,0.036000000000000004
1739873995.5249326,0.036000000000000004
1739873995.5297709,0.036000000000000004
1739873995.5346076,0.036000000000000004
1739873995.5394442,0.037
1739873995.5442798,0.037
1739873995.5491152,0.039
1739873995.5539508,0.039
1739873995.5587862,0.039
1739873995.563622,0.036000000000000004
1739873995.5684583,0.036000000000000004
1739873995.5732949,0.036000000000000004
1739873995.578131,0.036000000000000004
1739873995.5829675,0.036000000000000004
1739873995.5878038,0.036000000000000004
1739873995.5926402,0.036000000000000004
1739873995.5974767,0.036000000000000004
1739873995.6023133,0.036000000000000004
1739873995.6071496,0.036000000000000004
1739873995.6119862,0.036000000000000004
1739873995.6168222,0.036000000000000004
1739873995.6216583,0.038
1739873995.6265297,0.038
1739873995.6313686,0.036000000000000004
1739873995.636206,0.036000000000000004
1739873995.6410418,0.036000000000000004
1739873995.645878,0.036000000000000004
1739873995.6507144,0.038
1739873995.65555,0.039
1739873995.6603847,0.039
1739873995.665221,0.036000000000000004
1739873995.6700573,0.036000000000000004
1739873995.6748936,0.036000000000000004
1739873995.67973,0.036000000000000004
1739873995.6845665,0.036000000000000004
1739873995.6894028,0.036000000000000004
1739873995.6942391,0.036000000000000004
1739873995.6990745,0.056
1739873995.7039104,0.056
1739873995.708746,0.077
1739873995.7135813,0.058
1739873995.7184167,0.058
1739873995.7232523,0.111
1739873995.728088,0.111
1739873995.7329254,0.112
1739873995.7377615,0.112
1739873995.7425973,0.07100000000000001
1739873995.7474334,0.039
1739873995.7522688,0.039
1739873995.757104,0.039
1739873995.7619398,0.039
1739873995.7667751,0.036000000000000004
1739873995.7716112,0.036000000000000004
1739873995.7764478,0.036000000000000004
1739873995.7812848,0.036000000000000004
1739873995.786121,0.036000000000000004
1739873995.7909572,0.037
1739873995.7957928,0.037
1739873995.800628,0.036000000000000004
1739873995.8054643,0.036000000000000004
1739873995.8103006,0.036000000000000004
1739873995.815137,0.036000000000000004
1739873995.8199737,0.036000000000000004
1739873995.8248105,0.038
1739873995.8296463,0.038
1739873995.8344834,0.036000000000000004
1739873995.8393202,0.039
1739873995.8441556,0.039
1739873995.848991,0.038
1739873995.8538263,0.038
1739873995.8586617,0.038
1739873995.863497,0.037
1739873995.8683321,0.037
1739873995.8731673,0.036000000000000004
1739873995.878004,0.036000000000000004
1739873995.8828406,0.036000000000000004
1739873995.8876772,0.036000000000000004
1739873995.8925135,0.036000000000000004
1739873995.8973498,0.036000000000000004
1739873995.9021864,0.036000000000000004
1739873995.9070225,0.036000000000000004
1739873995.9118593,0.036000000000000004
1739873995.9166956,0.036000000000000004
1739873995.921532,0.036000000000000004
1739873995.926368,0.036000000000000004
1739873995.9312043,0.036000000000000004
1739873995.936043,0.036000000000000004
1739873995.9408793,0.036000000000000004
1739873995.9457223,0.036000000000000004
1739873995.950559,0.038
1739873995.9553945,0.038
1739873995.9602299,0.038
1739873995.9650657,0.038
1739873995.969901,0.038
1739873995.9747355,0.036000000000000004
1739873995.979572,0.036000000000000004
1739873995.9844086,0.036000000000000004
1739873995.9892454,0.036000000000000004
1739873995.994082,0.036000000000000004
1739873995.9989183,0.036000000000000004
1739873996.0037553,0.036000000000000004
1739873996.008591,0.036000000000000004
1739873996.0134277,0.036000000000000004
1739873996.0182648,0.039
1739873996.0231001,0.07100000000000001
1739873996.0279362,0.07100000000000001
1739873996.0327718,0.057
1739873996.0376086,0.057
1739873996.042444,0.10200000000000001
1739873996.04728,0.114
1739873996.052115,0.114
1739873996.0569499,0.113
1739873996.061785,0.113
1739873996.06662,0.066
1739873996.0714552,0.066
1739873996.0762901,0.036000000000000004
1739873996.081126,0.036000000000000004
1739873996.0859618,0.036000000000000004
1739873996.090798,0.036000000000000004
1739873996.0956335,0.036000000000000004
1739873996.1004689,0.036000000000000004
1739873996.1053052,0.036000000000000004
1739873996.110141,0.036000000000000004
1739873996.1149771,0.036000000000000004
1739873996.1198127,0.036000000000000004
1739873996.1246488,0.036000000000000004
1739873996.129485,0.036000000000000004
1739873996.1343207,0.036000000000000004
1739873996.139158,0.036000000000000004
1739873996.143994,0.036000000000000004
1739873996.1488304,0.038
1739873996.1536655,0.038
1739873996.1585004,0.037
1739873996.1633353,0.037
1739873996.168185,0.039
1739873996.1730285,0.036000000000000004
1739873996.177867,0.036000000000000004
1739873996.1827033,0.036000000000000004
1739873996.1875393,0.036000000000000004
1739873996.1923752,0.036000000000000004
1739873996.1972115,0.036000000000000004
1739873996.2020476,0.036000000000000004
1739873996.2068834,0.036000000000000004
1739873996.21172,0.036000000000000004
1739873996.2165565,0.036000000000000004
1739873996.2213924,0.036000000000000004
1739873996.2262282,0.038
1739873996.2310643,0.038
1739873996.2359004,0.036000000000000004
1739873996.2407367,0.036000000000000004
1739873996.2455742,0.036000000000000004
1739873996.250411,0.038
1739873996.2552466,0.038
1739873996.2600818,0.038
1739873996.264918,0.038
1739873996.2697535,0.038
1739873996.2745888,0.036000000000000004
1739873996.2794254,0.036000000000000004
1739873996.2842622,0.036000000000000004
1739873996.2890985,0.036000000000000004
1739873996.293935,0.036000000000000004
1739873996.2987714,0.036000000000000004
1739873996.3036082,0.036000000000000004
1739873996.3084445,0.036000000000000004
1739873996.3132813,0.036000000000000004
1739873996.3181176,0.036000000000000004
1739873996.322954,0.036000000000000004
1739873996.3277903,0.036000000000000004
1739873996.3326266,0.036000000000000004
1739873996.3374631,0.036000000000000004
1739873996.3423026,0.05
1739873996.3471384,0.05
1739873996.3519738,0.062
1739873996.3568094,0.076
1739873996.3616445,0.076
1739873996.3664799,0.114
1739873996.3713155,0.114
1739873996.376151,0.11800000000000001
1739873996.3809872,0.11800000000000001
1739873996.3858237,0.048
1739873996.3906596,0.036000000000000004
1739873996.3954957,0.036000000000000004
1739873996.400332,0.036000000000000004
1739873996.4051683,0.036000000000000004
1739873996.410005,0.036000000000000004
1739873996.4148414,0.036000000000000004
1739873996.4196773,0.036000000000000004
1739873996.424514,0.039
1739873996.4293494,0.039
1739873996.4341846,0.036000000000000004
1739873996.439021,0.036000000000000004
1739873996.4438589,0.036000000000000004
1739873996.448696,0.037
1739873996.4535315,0.037
1739873996.4583669,0.037
1739873996.4632025,0.037
1739873996.4680378,0.038
1739873996.4728734,0.038
1739873996.4777114,0.037
1739873996.4825475,0.036000000000000004
1739873996.4873838,0.036000000000000004
1739873996.4922209,0.036000000000000004
1739873996.4970577,0.036000000000000004
1739873996.5018952,0.036000000000000004
1739873996.506732,0.036000000000000004
1739873996.5115683,0.036000000000000004
1739873996.5164046,0.036000000000000004
1739873996.5212417,0.036000000000000004
1739873996.526078,0.036000000000000004
1739873996.5309143,0.036000000000000004
1739873996.5357509,0.036000000000000004
1739873996.5405872,0.036000000000000004
1739873996.5454257,0.036000000000000004
1739873996.5502625,0.036000000000000004
1739873996.5550992,0.036000000000000004
1739873996.5599353,0.037
1739873996.5647714,0.037
1739873996.5696065,0.038
1739873996.5744421,0.038
1739873996.5792775,0.038
1739873996.5841131,0.036000000000000004
1739873996.58895,0.036000000000000004
1739873996.5937865,0.036000000000000004
1739873996.598623,0.036000000000000004
1739873996.6034596,0.036000000000000004
1739873996.6082962,0.036000000000000004
1739873996.6131325,0.036000000000000004
1739873996.6179688,0.036000000000000004
1739873996.6228056,0.036000000000000004
1739873996.6276422,0.039
1739873996.6324778,0.036000000000000004
1739873996.6373143,0.036000000000000004
1739873996.6421506,0.036000000000000004
1739873996.6469886,0.036000000000000004
1739873996.6518257,0.036000000000000004
1739873996.656662,0.036000000000000004
1739873996.6614985,0.06
1739873996.666334,0.077
1739873996.6711693,0.077
1739873996.676005,0.063
1739873996.6808398,0.063
1739873996.6856756,0.112
1739873996.6905115,0.112
1739873996.6953466,0.115
1739873996.7001822,0.063
1739873996.7050178,0.063
1739873996.7098536,0.036000000000000004
1739873996.71469,0.036000000000000004
1739873996.7195258,0.036000000000000004
1739873996.724363,0.036000000000000004
1739873996.729199,0.036000000000000004
1739873996.7340353,0.036000000000000004
1739873996.738872,0.036000000000000004
1739873996.7437084,0.036000000000000004
1739873996.7485468,0.036000000000000004
1739873996.7534106,0.036000000000000004
1739873996.7582488,0.036000000000000004
1739873996.763086,0.036000000000000004
1739873996.7679224,0.038
1739873996.7727582,0.038
1739873996.7775939,0.039
1739873996.7824297,0.039
1739873996.7872653,0.036000000000000004
1739873996.7921019,0.036000000000000004
1739873996.7969384,0.036000000000000004
1739873996.8017755,0.036000000000000004
1739873996.8066118,0.036000000000000004
1739873996.8114483,0.036000000000000004
1739873996.8162847,0.036000000000000004
1739873996.821121,0.036000000000000004
1739873996.8259575,0.039
1739873996.8307931,0.039
1739873996.8356285,0.036000000000000004
1739873996.8404646,0.036000000000000004
1739873996.8452961,0.036000000000000004
1739873996.8501346,0.036000000000000004
1739873996.8549714,0.036000000000000004
1739873996.8598077,0.036000000000000004
1739873996.8646445,0.036000000000000004
1739873996.8694813,0.039
1739873996.8743167,0.039
1739873996.8791523,0.039
1739873996.883988,0.036000000000000004
1739873996.8888245,0.036000000000000004
1739873996.893661,0.036000000000000004
1739873996.8984973,0.036000000000000004
1739873996.903334,0.036000000000000004
1739873996.9081702,0.036000000000000004
1739873996.9130068,0.036000000000000004
1739873996.9178433,0.036000000000000004
1739873996.9226801,0.036000000000000004
1739873996.9275165,0.036000000000000004
1739873996.932353,0.036000000000000004
1739873996.9371903,0.036000000000000004
1739873996.9420433,0.036000000000000004
1739873996.946889,0.036000000000000004
1739873996.9517286,0.036000000000000004
1739873996.9565682,0.036000000000000004
1739873996.9614103,0.036000000000000004
1739873996.966247,0.036000000000000004
1739873996.971086,0.038
1739873996.975929,0.05
1739873996.9807656,0.05
1739873996.9856026,0.073
1739873996.9904392,0.073
1739873996.9952753,0.057
1739873997.0001104,0.057
1739873997.004947,0.11
1739873997.0097837,0.111
1739873997.01462,0.111
1739873997.019456,0.083
1739873997.0242927,0.083
1739873997.0291288,0.038
1739873997.033965,0.038
1739873997.0388017,0.038
1739873997.043647,0.036000000000000004
1739873997.0484898,0.036000000000000004
1739873997.0533292,0.036000000000000004
1739873997.058166,0.036000000000000004
1739873997.0630033,0.036000000000000004
1739873997.0678399,0.038
1739873997.0726748,0.038
1739873997.0775099,0.039
1739873997.0823455,0.039
1739873997.0871809,0.038
1739873997.0920162,0.038
1739873997.096851,0.036000000000000004
1739873997.101687,0.036000000000000004
1739873997.106523,0.036000000000000004
1739873997.1113596,0.036000000000000004
1739873997.116196,0.036000000000000004
1739873997.1210322,0.036000000000000004
1739873997.1258686,0.036000000000000004
1739873997.1307046,0.036000000000000004
1739873997.1355407,0.036000000000000004
1739873997.1403766,0.036000000000000004
1739873997.1452134,0.036000000000000004
1739873997.1500494,0.036000000000000004
1739873997.1548872,0.036000000000000004
1739873997.1597233,0.036000000000000004
1739873997.1645598,0.036000000000000004
1739873997.169412,0.038
1739873997.1742563,0.038
1739873997.1790934,0.038
1739873997.1839287,0.038
1739873997.1887639,0.039
1739873997.193599,0.036000000000000004
1739873997.1984355,0.036000000000000004
1739873997.2032719,0.036000000000000004
1739873997.2081082,0.036000000000000004
1739873997.212945,0.036000000000000004
1739873997.2177813,0.036000000000000004
1739873997.2226174,0.036000000000000004
1739873997.2274542,0.038
1739873997.2322898,0.038
1739873997.2371256,0.038
1739873997.2419615,0.038
1739873997.2467968,0.036000000000000004
1739873997.2516334,0.036000000000000004
1739873997.256473,0.036000000000000004
1739873997.2613106,0.037
1739873997.266146,0.037
1739873997.2709813,0.037
1739873997.2758172,0.037
1739873997.280652,0.038
1739873997.2854877,0.038
1739873997.2903233,0.038
1739873997.2951586,0.036000000000000004
1739873997.2999947,0.036000000000000004
1739873997.3048315,0.036000000000000004
1739873997.309668,0.052000000000000005
1739873997.3145044,0.052000000000000005
1739873997.3193405,0.065
1739873997.3241765,0.065
1739873997.329012,0.08
1739873997.333847,0.08
1739873997.3386827,0.101
1739873997.3435185,0.078
1739873997.3483539,0.078
1739873997.3531895,0.083
1739873997.3580263,0.083
1739873997.3628623,0.066
1739873997.367698,0.066
1739873997.3725336,0.037
1739873997.377369,0.038
1739873997.382204,0.038
1739873997.3870394,0.038
1739873997.3918748,0.038
1739873997.3967102,0.036000000000000004
1739873997.4015467,0.036000000000000004
1739873997.4063828,0.036000000000000004
1739873997.4112194,0.036000000000000004
1739873997.416056,0.036000000000000004
1739873997.4208918,0.036000000000000004
1739873997.4257283,0.036000000000000004
1739873997.4305646,0.038
1739873997.4354002,0.038
1739873997.4402356,0.038
1739873997.4450715,0.036000000000000004
1739873997.449908,0.036000000000000004
1739873997.4547443,0.036000000000000004
1739873997.459581,0.036000000000000004
1739873997.4644177,0.037
1739873997.4692535,0.036000000000000004
1739873997.47409,0.036000000000000004
1739873997.4789264,0.038
1739873997.4837615,0.038
1739873997.488597,0.039
1739873997.4934323,0.037
1739873997.4982677,0.037
1739873997.5031033,0.036000000000000004
1739873997.5079396,0.036000000000000004
1739873997.5127754,0.036000000000000004
1739873997.5176122,0.036000000000000004
1739873997.5224493,0.036000000000000004
1739873997.527286,0.036000000000000004
1739873997.5321224,0.036000000000000004
1739873997.5369587,0.036000000000000004
1739873997.5417955,0.036000000000000004
1739873997.546632,0.037
1739873997.5514672,0.037
1739873997.5563025,0.036000000000000004
1739873997.561139,0.037
1739873997.5659745,0.037
1739873997.5708098,0.036000000000000004
1739873997.5756464,0.036000000000000004
1739873997.5804822,0.039
1739873997.585318,0.039
1739873997.5901535,0.039
1739873997.594989,0.038
1739873997.599824,0.038
1739873997.6046596,0.036000000000000004
1739873997.609496,0.036000000000000004
1739873997.6143324,0.036000000000000004
1739873997.6191688,0.036000000000000004
1739873997.6240053,0.036000000000000004
1739873997.6288416,0.038
1739873997.6336772,0.038
1739873997.6385126,0.059000000000000004
1739873997.643349,0.059000000000000004
1739873997.6481853,0.058
1739873997.6530206,0.086
1739873997.6578562,0.086
1739873997.662694,0.078
1739873997.6675296,0.078
1739873997.672365,0.07200000000000001
1739873997.6772015,0.077
1739873997.682038,0.077
1739873997.6868737,0.039
1739873997.6917086,0.039
1739873997.696544,0.038
1739873997.701379,0.038
1739873997.7062142,0.036000000000000004
1739873997.7110507,0.036000000000000004
1739873997.715887,0.036000000000000004
1739873997.7207234,0.036000000000000004
1739873997.7255604,0.036000000000000004
1739873997.7303967,0.036000000000000004
1739873997.735233,0.036000000000000004
1739873997.740069,0.036000000000000004
1739873997.7449057,0.038
1739873997.749741,0.038
1739873997.7545764,0.036000000000000004
1739873997.7594128,0.036000000000000004
1739873997.7642512,0.038
1739873997.769087,0.038
1739873997.7739222,0.036000000000000004
1739873997.7787588,0.037
1739873997.7835946,0.037
1739873997.7884297,0.039
1739873997.7932656,0.039
1739873997.798101,0.038
1739873997.8029363,0.036000000000000004
1739873997.8077724,0.036000000000000004
1739873997.812609,0.036000000000000004
1739873997.8174453,0.036000000000000004
1739873997.822282,0.036000000000000004
1739873997.8271184,0.036000000000000004
1739873997.8319545,0.038
1739873997.8367898,0.038
1739873997.8416247,0.038
1739873997.8464603,0.038
1739873997.8512957,0.038
1739873997.8561313,0.036000000000000004
1739873997.8609674,0.036000000000000004
1739873997.865804,0.037
1739873997.8706393,0.036000000000000004
1739873997.8754761,0.036000000000000004
1739873997.8803122,0.037
1739873997.885148,0.037
1739873997.8899834,0.039
1739873997.8948188,0.036000000000000004
1739873997.8996549,0.036000000000000004
1739873997.9044917,0.036000000000000004
1739873997.9093282,0.036000000000000004
1739873997.9141648,0.036000000000000004
1739873997.919001,0.036000000000000004
1739873997.9238746,0.036000000000000004
1739873997.9287145,0.036000000000000004
1739873997.9335515,0.036000000000000004
1739873997.938388,0.036000000000000004
1739873997.9432247,0.036000000000000004
1739873997.9480612,0.038
1739873997.9528968,0.038
1739873997.9577317,0.054
1739873997.9625676,0.065
1739873997.9674044,0.065
1739873997.9722404,0.068
1739873997.9770763,0.068
1739873997.9819126,0.056
1739873997.9867482,0.039
1739873997.9915836,0.039
1739873997.996419,0.038
1739873998.0012548,0.038
1739873998.0060904,0.036000000000000004
1739873998.0109274,0.036000000000000004
1739873998.015764,0.036000000000000004
1739873998.0206,0.036000000000000004
1739873998.0254369,0.036000000000000004
1739873998.0302737,0.038
1739873998.035109,0.038
1739873998.0399446,0.038
1739873998.0447805,0.038
1739873998.049616,0.036000000000000004
1739873998.0544517,0.036000000000000004
1739873998.059289,0.036000000000000004
1739873998.064126,0.038
1739873998.0689628,0.038
1739873998.0737984,0.036000000000000004
1739873998.0786347,0.035
1739873998.08347,0.035
1739873998.088305,0.039
1739873998.0931396,0.039
1739873998.0979748,0.038
1739873998.1028101,0.038
1739873998.107645,0.036000000000000004
1739873998.112481,0.036000000000000004
1739873998.117317,0.036000000000000004
1739873998.122153,0.036000000000000004
1739873998.1269886,0.036000000000000004
1739873998.1318247,0.036000000000000004
1739873998.1366606,0.036000000000000004
1739873998.1414967,0.036000000000000004
1739873998.1463325,0.038
1739873998.1511674,0.038
1739873998.1560023,0.036000000000000004
1739873998.1608381,0.036000000000000004
1739873998.165674,0.038
1739873998.1705287,0.036000000000000004
1739873998.1753752,0.036000000000000004
1739873998.1802115,0.036000000000000004
1739873998.185048,0.036000000000000004
1739873998.189885,0.039
1739873998.19472,0.039
1739873998.1995552,0.038
1739873998.2043903,0.036000000000000004
1739873998.209227,0.036000000000000004
1739873998.214064,0.036000000000000004
1739873998.2189,0.036000000000000004
1739873998.223737,0.036000000000000004
1739873998.2285733,0.036000000000000004
1739873998.2334118,0.037
1739873998.238271,0.037
1739873998.243119,0.037
1739873998.2479548,0.036000000000000004
1739873998.2527926,0.036000000000000004
1739873998.2576313,0.036000000000000004
1739873998.2624676,0.038
1739873998.2673035,0.038
1739873998.272144,0.057
1739873998.2769806,0.057
1739873998.2818167,0.078
1739873998.286652,0.078
1739873998.2914882,0.061
1739873998.2963238,0.082
1739873998.3011594,0.082
1739873998.305995,0.036000000000000004
1739873998.3108313,0.036000000000000004
1739873998.3156676,0.036000000000000004
1739873998.3205037,0.036000000000000004
1739873998.3253407,0.036000000000000004
1739873998.330177,0.036000000000000004
1739873998.3350136,0.036000000000000004
1739873998.3398497,0.036000000000000004
1739873998.3446865,0.036000000000000004
1739873998.3495228,0.038
1739873998.3543582,0.036000000000000004
1739873998.359195,0.036000000000000004
1739873998.3640313,0.038
1739873998.368867,0.038
1739873998.3737042,0.036000000000000004
1739873998.3785412,0.036000000000000004
1739873998.3833783,0.036000000000000004
1739873998.3882148,0.037
1739873998.39305,0.037
1739873998.397885,0.038
1739873998.4027205,0.038
1739873998.407556,0.036000000000000004
1739873998.4123921,0.036000000000000004
1739873998.4172287,0.036000000000000004
1739873998.4220653,0.036000000000000004
1739873998.4269016,0.036000000000000004
1739873998.4317377,0.037
1739873998.4365733,0.037
1739873998.4414082,0.036000000000000004
1739873998.4462447,0.036000000000000004
1739873998.451081,0.036000000000000004
1739873998.4559171,0.036000000000000004
1739873998.4607532,0.036000000000000004
1739873998.4655895,0.038
1739873998.470425,0.038
1739873998.475262,0.036000000000000004
1739873998.4800982,0.036000000000000004
1739873998.4849348,0.036000000000000004
1739873998.4897714,0.037
1739873998.4946065,0.037
1739873998.4994419,0.038
1739873998.5042777,0.038
1739873998.509113,0.036000000000000004
1739873998.5139494,0.036000000000000004
1739873998.5187857,0.036000000000000004
1739873998.523622,0.036000000000000004
1739873998.5284584,0.036000000000000004
1739873998.5332952,0.036000000000000004
1739873998.5381315,0.036000000000000004
1739873998.5429683,0.036000000000000004
1739873998.5478046,0.038
1739873998.5526397,0.038
1739873998.557475,0.036000000000000004
1739873998.5623116,0.036000000000000004
1739873998.5671477,0.036000000000000004
1739873998.5719843,0.036000000000000004
1739873998.576822,0.036000000000000004
1739873998.5816584,0.036000000000000004
1739873998.5864944,0.036000000000000004
1739873998.5913308,0.06
1739873998.5961661,0.06
1739873998.601001,0.07100000000000001
1739873998.6058373,0.073
1739873998.6106727,0.073
1739873998.615508,0.114
1739873998.620343,0.114
1739873998.6251786,0.08
1739873998.6300142,0.08
1739873998.6348495,0.10200000000000001
1739873998.6396856,0.084
1739873998.6445215,0.084
1739873998.6493568,0.036000000000000004
1739873998.6541932,0.036000000000000004
1739873998.6590295,0.036000000000000004
1739873998.6638658,0.036000000000000004
1739873998.668702,0.036000000000000004
1739873998.6735382,0.036000000000000004
1739873998.678376,0.036000000000000004
1739873998.6832125,0.036000000000000004
1739873998.688049,0.036000000000000004
1739873998.6928854,0.036000000000000004
1739873998.6977272,0.039
1739873998.702563,0.039
1739873998.7073982,0.038
1739873998.7122335,0.038
1739873998.7170684,0.036000000000000004
1739873998.7219057,0.036000000000000004
1739873998.7267418,0.036000000000000004
1739873998.7315784,0.036000000000000004
1739873998.7364144,0.036000000000000004
1739873998.741251,0.036000000000000004
1739873998.746087,0.036000000000000004
1739873998.7509236,0.038
1739873998.7557595,0.038
1739873998.7605946,0.038
1739873998.7654297,0.036000000000000004
1739873998.7702658,0.036000000000000004
1739873998.7751021,0.036000000000000004
1739873998.7799382,0.036000000000000004
1739873998.7847753,0.036000000000000004
1739873998.7896118,0.036000000000000004
1739873998.7944481,0.036000000000000004
1739873998.7992842,0.038
1739873998.8041198,0.038
1739873998.8089552,0.039
1739873998.8137906,0.039
1739873998.8186257,0.036000000000000004
1739873998.8234625,0.036000000000000004
1739873998.8282988,0.036000000000000004
1739873998.833135,0.036000000000000004
1739873998.8379717,0.036000000000000004
1739873998.842808,0.038
1739873998.8476436,0.036000000000000004
1739873998.85248,0.036000000000000004
1739873998.857316,0.039
1739873998.8621514,0.039
1739873998.8669865,0.037
1739873998.8718219,0.037
1739873998.876657,0.036000000000000004
1739873998.8814936,0.036000000000000004
1739873998.8863297,0.036000000000000004
1739873998.8911657,0.036000000000000004
1739873998.8960023,0.036000000000000004
1739873998.9008384,0.037
1739873998.905674,0.037
1739873998.9105093,0.039
1739873998.9153447,0.049
1739873998.9201796,0.049
1739873998.9250152,0.061
1739873998.9298506,0.061
1739873998.934686,0.079
1739873998.9395208,0.074
1739873998.9443564,0.074
1739873998.949192,0.1
1739873998.954027,0.1
1739873998.958862,0.085
1739873998.9636974,0.085
1739873998.9685328,0.036000000000000004
1739873998.9733691,0.036000000000000004
1739873998.9782054,0.036000000000000004
1739873998.9830444,0.036000000000000004
1739873998.9878812,0.036000000000000004
1739873998.9927175,0.036000000000000004
1739873998.9975538,0.036000000000000004
1739873999.00239,0.037
1739873999.0072258,0.038
1739873999.0120614,0.038
1739873999.0168967,0.036000000000000004
1739873999.0217333,0.036000000000000004
1739873999.0265698,0.036000000000000004
1739873999.031406,0.036000000000000004
1739873999.0362422,0.036000000000000004
1739873999.0410786,0.036000000000000004
1739873999.0459146,0.036000000000000004
1739873999.0507512,0.036000000000000004
1739873999.0555875,0.036000000000000004
1739873999.0604236,0.036000000000000004
1739873999.0652606,0.036000000000000004
1739873999.0700972,0.036000000000000004
1739873999.0749338,0.036000000000000004
1739873999.079807,0.036000000000000004
1739873999.084647,0.036000000000000004
1739873999.0894845,0.036000000000000004
1739873999.0943205,0.036000000000000004
1739873999.0991564,0.036000000000000004
1739873999.103993,0.036000000000000004
1739873999.108829,0.038
1739873999.113664,0.038
1739873999.118499,0.036000000000000004
1739873999.123335,0.036000000000000004
1739873999.128171,0.036000000000000004
1739873999.133007,0.036000000000000004
1739873999.1378431,0.036000000000000004
1739873999.1426792,0.036000000000000004
1739873999.147515,0.036000000000000004
1739873999.152351,0.038
1739873999.1571858,0.039
1739873999.1620214,0.039
1739873999.1668673,0.036000000000000004
1739873999.1717176,0.036000000000000004
1739873999.176555,0.037
1739873999.1813896,0.037
1739873999.1862278,0.036000000000000004
1739873999.1910646,0.036000000000000004
1739873999.1959014,0.036000000000000004
1739873999.200737,0.036000000000000004
1739873999.205573,0.036000000000000004
1739873999.2104092,0.038
1739873999.215245,0.048
1739873999.22008,0.048
1739873999.2249155,0.073
1739873999.22976,0.073
1739873999.2346032,0.057
1739873999.239439,0.057
1739873999.2442732,0.111
1739873999.2491071,0.111
1739873999.253943,0.111
1739873999.258779,0.10400000000000001
1739873999.263616,0.10400000000000001
1739873999.2684524,0.077
1739873999.273289,0.077
1739873999.2781243,0.091
1739873999.2829602,0.094
1739873999.2877986,0.094
1739873999.2926347,0.081
1739873999.2974699,0.081
1739873999.3023055,0.091
1739873999.3071408,0.08
1739873999.3119764,0.08
1739873999.3168116,0.092
1739873999.321647,0.092
1739873999.3264818,0.075
1739873999.331318,0.075
1739873999.3361535,0.089
1739873999.3409889,0.114
1739873999.3458247,0.114
1739873999.35066,0.045
1739873999.355495,0.045
1739873999.3603303,0.038
1739873999.3651662,0.038
1739873999.3700016,0.036000000000000004
1739873999.374838,0.038
1739873999.3796725,0.038
1739873999.3845084,0.036000000000000004
1739873999.3893476,0.036000000000000004
1739873999.3941846,0.036000000000000004
1739873999.3990214,0.036000000000000004
1739873999.4038577,0.036000000000000004
1739873999.408694,0.038
1739873999.4135296,0.038
1739873999.4183648,0.036000000000000004
1739873999.4232013,0.036000000000000004
1739873999.4280376,0.036000000000000004
1739873999.4328742,0.036000000000000004
1739873999.437717,0.036000000000000004
1739873999.4425538,0.036000000000000004
1739873999.4473908,0.036000000000000004
1739873999.4522274,0.036000000000000004
1739873999.4570637,0.036000000000000004
1739873999.461901,0.036000000000000004
1739873999.4667373,0.036000000000000004
1739873999.4715738,0.036000000000000004
1739873999.4764102,0.038
1739873999.4812458,0.038
1739873999.4860811,0.036000000000000004
1739873999.4909189,0.036000000000000004
1739873999.4957557,0.036000000000000004
1739873999.5005915,0.036000000000000004
1739873999.5054283,0.036000000000000004
1739873999.5102649,0.037
1739873999.5151002,0.037
1739873999.5199354,0.036000000000000004
1739873999.524773,0.036000000000000004
1739873999.529609,0.036000000000000004
1739873999.5344455,0.036000000000000004
1739873999.5392816,0.036000000000000004
1739873999.544119,0.053
1739873999.5489538,0.053
1739873999.5537891,0.061
1739873999.5586243,0.09
1739873999.5634599,0.09
1739873999.5682957,0.111
1739873999.5731313,0.111
1739873999.5779667,0.114
1739873999.5828025,0.114
1739873999.5876377,0.038
1739873999.5924747,0.036000000000000004
1739873999.5973117,0.036000000000000004
1739873999.6021485,0.036000000000000004
1739873999.6069853,0.036000000000000004
1739873999.6118217,0.036000000000000004
1739873999.6166577,0.036000000000000004
1739873999.6214943,0.036000000000000004
1739873999.6263306,0.036000000000000004
1739873999.6311672,0.036000000000000004
1739873999.6360035,0.036000000000000004
1739873999.6408393,0.036000000000000004
1739873999.6456764,0.036000000000000004
1739873999.6505127,0.036000000000000004
1739873999.6553493,0.036000000000000004
1739873999.660185,0.036000000000000004
1739873999.665022,0.036000000000000004
1739873999.6698582,0.036000000000000004
1739873999.6746945,0.036000000000000004
1739873999.6795309,0.04
1739873999.684367,0.036000000000000004
1739873999.6892033,0.036000000000000004
1739873999.694048,0.036000000000000004
1739873999.6988852,0.036000000000000004
1739873999.7037218,0.036000000000000004
1739873999.708558,0.036000000000000004
1739873999.7133942,0.036000000000000004
1739873999.7182305,0.036000000000000004
1739873999.7230673,0.036000000000000004
1739873999.7279038,0.036000000000000004
1739873999.73274,0.036000000000000004
1739873999.7375762,0.036000000000000004
1739873999.7424126,0.036000000000000004
1739873999.747249,0.036000000000000004
1739873999.7520852,0.038
1739873999.7569206,0.038
1739873999.7617567,0.036000000000000004
1739873999.766593,0.036000000000000004
1739873999.7714293,0.036000000000000004
1739873999.7762656,0.039
1739873999.781101,0.039
1739873999.785937,0.037
1739873999.7907727,0.037
1739873999.79561,0.036000000000000004
1739873999.800446,0.036000000000000004
1739873999.8052824,0.036000000000000004
1739873999.810119,0.036000000000000004
1739873999.8149552,0.036000000000000004
1739873999.8197913,0.036000000000000004
1739873999.824628,0.036000000000000004
1739873999.8294644,0.036000000000000004
1739873999.834301,0.036000000000000004
1739873999.839137,0.036000000000000004
1739873999.8439736,0.037
1739873999.8488092,0.037
1739873999.8536446,0.036000000000000004
1739873999.858481,0.036000000000000004
1739873999.863317,0.06
1739873999.8681524,0.066
1739873999.872988,0.066
1739873999.877823,0.067
1739873999.8826587,0.067
1739873999.887494,0.115
1739873999.8923295,0.117
1739873999.8971663,0.117
1739873999.9020023,0.114
1739873999.9068377,0.114
1739873999.9116735,0.068
1739873999.916509,0.068
1739873999.9213443,0.089
1739873999.9261794,0.10300000000000001
1739873999.931016,0.10300000000000001
1739873999.9358523,0.036000000000000004
1739873999.9406884,0.036000000000000004
1739873999.9455247,0.036000000000000004
1739873999.9503613,0.036000000000000004
1739873999.9551973,0.038
1739873999.9600327,0.036000000000000004
1739873999.9648693,0.036000000000000004
1739873999.9697058,0.036000000000000004
1739873999.9745424,0.036000000000000004
1739873999.9793785,0.039
1739873999.9842138,0.039
1739873999.9890487,0.039
1739873999.9938843,0.036000000000000004
1739873999.9987223,0.036000000000000004
1739874000.0035594,0.036000000000000004
1739874000.0083957,0.036000000000000004
1739874000.0132325,0.036000000000000004
1739874000.0180688,0.037
1739874000.0229044,0.037
1739874000.0277393,0.036000000000000004
1739874000.0325758,0.036000000000000004
1739874000.037412,0.036000000000000004
1739874000.0422482,0.036000000000000004
1739874000.0470848,0.036000000000000004
1739874000.0519211,0.036000000000000004
1739874000.0567575,0.036000000000000004
1739874000.0615933,0.036000000000000004
1739874000.0664296,0.036000000000000004
1739874000.0712652,0.036000000000000004
1739874000.0761018,0.039
1739874000.0809374,0.039
1739874000.0857732,0.039
1739874000.0906086,0.039
1739874000.095444,0.036000000000000004
1739874000.10028,0.036000000000000004
1739874000.105116,0.036000000000000004
1739874000.109953,0.036000000000000004
1739874000.1147897,0.036000000000000004
1739874000.1196256,0.037
1739874000.1244612,0.037
1739874000.129296,0.036000000000000004
1739874000.1341321,0.036000000000000004
1739874000.1389682,0.036000000000000004
1739874000.1438043,0.036000000000000004
1739874000.14864,0.036000000000000004
1739874000.1534758,0.038
1739874000.158311,0.038
1739874000.163146,0.036000000000000004
1739874000.1685665,0.036000000000000004
1739874000.1734307,0.036000000000000004
1739874000.1782768,0.057
1739874000.183114,0.057
1739874000.187949,0.081
1739874000.1927938,0.081
1739874000.1976357,0.059000000000000004
1739874000.2024736,0.111
1739874000.2073097,0.111
1739874000.2121449,0.112
1739874000.2169807,0.112
1739874000.2218165,0.077
1739874000.2266526,0.084
1739874000.2314882,0.084
1739874000.2363715,0.065
1739874000.2412152,0.065
1739874000.2460515,0.064
1739874000.2508876,0.064
1739874000.255723,0.036000000000000004
1739874000.260559,0.038
1739874000.265395,0.038
1739874000.2702303,0.036000000000000004
1739874000.2750666,0.036000000000000004
1739874000.2799032,0.038
1739874000.284738,0.038
1739874000.289574,0.038
1739874000.294409,0.037
1739874000.2992444,0.037
1739874000.304083,0.036000000000000004
1739874000.3089201,0.036000000000000004
1739874000.313757,0.036000000000000004
1739874000.3185933,0.036000000000000004
1739874000.3234296,0.036000000000000004
1739874000.3282661,0.036000000000000004
1739874000.3331022,0.036000000000000004
1739874000.337939,0.036000000000000004
1739874000.3427753,0.036000000000000004
1739874000.3476114,0.036000000000000004
1739874000.352448,0.038
1739874000.3572834,0.038
1739874000.362119,0.036000000000000004
1739874000.3669553,0.036000000000000004
1739874000.3717914,0.036000000000000004
1739874000.376628,0.036000000000000004
1739874000.381464,0.038
1739874000.3862994,0.038
1739874000.391135,0.038
1739874000.3959703,0.038
1739874000.4008055,0.038
1739874000.4056432,0.036000000000000004
1739874000.4104798,0.036000000000000004
1739874000.4153166,0.036000000000000004
1739874000.4201527,0.036000000000000004
1739874000.4249895,0.036000000000000004
1739874000.4298263,0.036000000000000004
1739874000.4346626,0.036000000000000004
1739874000.439499,0.036000000000000004
1739874000.444336,0.038
1739874000.4491713,0.038
1739874000.4540067,0.036000000000000004
1739874000.4588435,0.036000000000000004
1739874000.46368,0.036000000000000004
1739874000.4685163,0.036000000000000004
1739874000.473353,0.036000000000000004
1739874000.4781892,0.037
1739874000.4830248,0.037
1739874000.4878612,0.038
1739874000.4926968,0.038
1739874000.497532,0.041
1739874000.5023675,0.069
1739874000.5072043,0.069
1739874000.5120401,0.057
1739874000.5168757,0.057
1739874000.5217175,0.10400000000000001
1739874000.5265543,0.10400000000000001
1739874000.5313904,0.111
1739874000.536226,0.109
1739874000.5410614,0.109
1739874000.545898,0.074
1739874000.5507333,0.074
1739874000.5555687,0.079
1739874000.5604038,0.079
1739874000.5652397,0.08700000000000001
1739874000.570076,0.036000000000000004
1739874000.574912,0.036000000000000004
1739874000.5797484,0.038
1739874000.5845835,0.038
1739874000.5894186,0.038
1739874000.5942543,0.038
1739874000.5990896,0.038
1739874000.6039255,0.036000000000000004
1739874000.6087635,0.036000000000000004
1739874000.6136005,0.036000000000000004
1739874000.6184373,0.036000000000000004
1739874000.6232736,0.036000000000000004
1739874000.6281104,0.036000000000000004
1739874000.6329467,0.036000000000000004
1739874000.637783,0.036000000000000004
1739874000.6426194,0.036000000000000004
1739874000.647456,0.038
1739874000.6522913,0.038
1739874000.6571267,0.036000000000000004
1739874000.6619635,0.036000000000000004
1739874000.6667998,0.036000000000000004
1739874000.6716359,0.036000000000000004
1739874000.6764727,0.036000000000000004
1739874000.6813097,0.036000000000000004
1739874000.686146,0.036000000000000004
1739874000.6909823,0.038
1739874000.695818,0.038
1739874000.7006528,0.038
1739874000.7054887,0.036000000000000004
1739874000.7103264,0.036000000000000004
1739874000.7151637,0.036000000000000004
1739874000.7199996,0.036000000000000004
1739874000.7248366,0.036000000000000004
1739874000.729673,0.036000000000000004
1739874000.7345092,0.036000000000000004
1739874000.7393456,0.036000000000000004
1739874000.7441826,0.036000000000000004
1739874000.749019,0.036000000000000004
1739874000.7538552,0.038
1739874000.7586908,0.038
1739874000.7635267,0.036000000000000004
1739874000.768363,0.036000000000000004
1739874000.773199,0.036000000000000004
1739874000.7780359,0.036000000000000004
1739874000.7828727,0.036000000000000004
1739874000.787709,0.038
1739874000.7925444,0.038
1739874000.7973795,0.038
1739874000.802215,0.038
1739874000.8070505,0.037
1739874000.8118873,0.036000000000000004
1739874000.8167248,0.036000000000000004
1739874000.821561,0.05
1739874000.8263962,0.05
1739874000.8312316,0.061
1739874000.8360667,0.061
1739874000.8409019,0.076
1739874000.8457375,0.114
1739874000.850573,0.114
1739874000.855409,0.11900000000000001
1739874000.860245,0.11900000000000001
1739874000.8650818,0.07100000000000001
1739874000.869918,0.07100000000000001
1739874000.874755,0.088
1739874000.87959,0.108
1739874000.8844259,0.108
1739874000.8892615,0.039
1739874000.8940969,0.039
1739874000.8989322,0.038
1739874000.9037676,0.038
1739874000.908603,0.038
1739874000.9134398,0.036000000000000004
1739874000.9182768,0.036000000000000004
1739874000.9231136,0.036000000000000004
1739874000.92795,0.036000000000000004
1739874000.932786,0.036000000000000004
1739874000.9376223,0.036000000000000004
1739874000.94247,0.036000000000000004
1739874000.9473128,0.036000000000000004
1739874000.9521506,0.036000000000000004
1739874000.9569871,0.039
1739874000.9618232,0.039
1739874000.9666586,0.036000000000000004
1739874000.971495,0.036000000000000004
1739874000.9763312,0.036000000000000004
1739874000.9811673,0.036000000000000004
1739874000.9860036,0.036000000000000004
1739874000.9908395,0.037
1739874000.9956748,0.038
1739874001.0005105,0.038
1739874001.0053465,0.038
1739874001.010182,0.038
1739874001.0150194,0.036000000000000004
1739874001.0198562,0.036000000000000004
1739874001.024693,0.036000000000000004
1739874001.0295293,0.036000000000000004
1739874001.0343654,0.036000000000000004
1739874001.0392017,0.036000000000000004
1739874001.0440383,0.036000000000000004
1739874001.0488749,0.037
1739874001.0537148,0.037
1739874001.0585504,0.036000000000000004
1739874001.063387,0.036000000000000004
1739874001.0682232,0.036000000000000004
1739874001.0730598,0.036000000000000004
1739874001.0778964,0.036000000000000004
1739874001.082733,0.036000000000000004
1739874001.0875692,0.037
1739874001.0924044,0.037
1739874001.0972402,0.038
1739874001.102077,0.038
1739874001.1069126,0.038
1739874001.1117485,0.038
1739874001.1165853,0.036000000000000004
1739874001.1214218,0.036000000000000004
1739874001.126258,0.036000000000000004
1739874001.1310947,0.036000000000000004
1739874001.1359317,0.036000000000000004
1739874001.1407678,0.066
1739874001.1456034,0.066
1739874001.1504383,0.07200000000000001
1739874001.1552744,0.064
1739874001.1601093,0.064
1739874001.164945,0.112
1739874001.1697955,0.112
1739874001.17464,0.113
1739874001.1794753,0.108
1739874001.1843107,0.108
1739874001.189146,0.068
1739874001.1939812,0.068
1739874001.1988163,0.091
1739874001.2036521,0.091
1739874001.2084875,0.115
1739874001.2133226,0.074
1739874001.2181613,0.074
1739874001.222998,0.078
1739874001.2278337,0.078
1739874001.2326694,0.093
1739874001.2375052,0.093
1739874001.2423413,0.122
1739874001.2471766,0.073
1739874001.2520123,0.073
1739874001.2568479,0.079
1739874001.2616832,0.079
1739874001.266519,0.101
1739874001.2713544,0.115
1739874001.27619,0.115
1739874001.281025,0.07200000000000001
1739874001.2858617,0.07200000000000001
1739874001.2906985,0.073
1739874001.295534,0.073
1739874001.3003693,0.10400000000000001
1739874001.305206,0.062
1739874001.3100498,0.062
1739874001.3148856,0.036000000000000004
1739874001.3197222,0.036000000000000004
1739874001.3245597,0.036000000000000004
1739874001.3293965,0.036000000000000004
1739874001.334233,0.036000000000000004
1739874001.3390696,0.036000000000000004
1739874001.3439064,0.036000000000000004
1739874001.348743,0.036000000000000004
1739874001.3535795,0.036000000000000004
1739874001.3584163,0.039
1739874001.3632522,0.039
1739874001.3680878,0.037
1739874001.3729231,0.036000000000000004
1739874001.3777597,0.036000000000000004
1739874001.3825963,0.036000000000000004
1739874001.3874333,0.036000000000000004
1739874001.3922696,0.036000000000000004
1739874001.3971064,0.039
1739874001.4019423,0.039
1739874001.4067779,0.038
1739874001.4116135,0.038
1739874001.416449,0.037
1739874001.4212866,0.037
1739874001.4261224,0.036000000000000004
1739874001.430989,0.036000000000000004
1739874001.4358268,0.036000000000000004
1739874001.4406636,0.036000000000000004
1739874001.4455004,0.036000000000000004
1739874001.450337,0.037
1739874001.4551725,0.037
1739874001.460008,0.05
1739874001.464844,0.074
1739874001.4696796,0.074
1739874001.4745154,0.057
1739874001.4793508,0.057
1739874001.4841866,0.111
1739874001.4890225,0.113
1739874001.4938583,0.113
1739874001.498694,0.094
1739874001.5035295,0.094
1739874001.5083652,0.078
1739874001.513201,0.078
1739874001.5180364,0.073
1739874001.5228744,0.07
1739874001.5277104,0.07
1739874001.532546,0.036000000000000004
1739874001.5373826,0.036000000000000004
1739874001.5422184,0.036000000000000004
1739874001.547056,0.036000000000000004
1739874001.5518932,0.036000000000000004
1739874001.5567298,0.038
1739874001.5615652,0.038
1739874001.5664005,0.038
1739874001.5712361,0.038
1739874001.5760717,0.036000000000000004
1739874001.5809076,0.036000000000000004
1739874001.5857446,0.036000000000000004
1739874001.5905812,0.036000000000000004
1739874001.5954175,0.036000000000000004
1739874001.6002536,0.038
1739874001.6050894,0.038
1739874001.609925,0.038
1739874001.6147606,0.038
1739874001.619596,0.038
1739874001.6244338,0.036000000000000004
1739874001.6292708,0.036000000000000004
1739874001.634107,0.036000000000000004
1739874001.6389434,0.036000000000000004
1739874001.6437798,0.036000000000000004
1739874001.6486166,0.036000000000000004
1739874001.653453,0.036000000000000004
1739874001.6582894,0.036000000000000004
1739874001.6631258,0.036000000000000004
1739874001.667962,0.036000000000000004
1739874001.6727984,0.036000000000000004
1739874001.6776347,0.036000000000000004
1739874001.6824718,0.036000000000000004
1739874001.687308,0.036000000000000004
1739874001.6921442,0.038
1739874001.6969798,0.038
1739874001.7018156,0.037
1739874001.706651,0.038
1739874001.711486,0.038
1739874001.7163217,0.038
1739874001.721157,0.038
1739874001.7259943,0.036000000000000004
1739874001.7308311,0.036000000000000004
1739874001.7356677,0.036000000000000004
1739874001.7405047,0.036000000000000004
1739874001.7453415,0.036000000000000004
1739874001.750178,0.036000000000000004
1739874001.7550147,0.036000000000000004
1739874001.7598507,0.037
1739874001.7646866,0.038
1739874001.7695222,0.038
1739874001.7743578,0.036000000000000004
1739874001.779194,0.036000000000000004
1739874001.7840307,0.053
1739874001.7888663,0.053
1739874001.793702,0.059000000000000004
1739874001.7985387,0.091
1739874001.8033745,0.091
1739874001.80821,0.113
1739874001.8130453,0.113
1739874001.8178809,0.122
1739874001.8227165,0.122
1739874001.8275533,0.07
1739874001.8323889,0.084
1739874001.837225,0.084
1739874001.8420606,0.10400000000000001
1739874001.846897,0.10400000000000001
1739874001.8517332,0.036000000000000004
1739874001.8565695,0.038
1739874001.861405,0.038
1739874001.8662403,0.038
1739874001.8710756,0.038
1739874001.8759112,0.037
1739874001.880746,0.037
1739874001.8855815,0.036000000000000004
1739874001.8904183,0.038
1739874001.8952532,0.038
1739874001.9000883,0.036000000000000004
1739874001.9049253,0.036000000000000004
1739874001.909762,0.038
1739874001.914597,0.038
1739874001.9194322,0.039
1739874001.9242678,0.037
1739874001.9291046,0.037
1739874001.9339402,0.036000000000000004
1739874001.9387767,0.036000000000000004
1739874001.9436135,0.036000000000000004
1739874001.9484499,0.036000000000000004
1739874001.9532866,0.036000000000000004
1739874001.958123,0.036000000000000004
1739874001.9629595,0.036000000000000004
1739874001.9677958,0.038
1739874001.9726315,0.038
1739874001.977467,0.036000000000000004
1739874001.9823039,0.036000000000000004
1739874001.9871404,0.036000000000000004
1739874001.9919767,0.038
1739874001.996812,0.038
1739874002.0016475,0.036000000000000004
1739874002.0064845,0.036000000000000004
1739874002.011321,0.038
1739874002.0161562,0.039
1739874002.0209913,0.039
1739874002.025827,0.037
1739874002.0306642,0.037
1739874002.0355,0.036000000000000004
1739874002.0403364,0.036000000000000004
1739874002.0451734,0.036000000000000004
1739874002.0500104,0.036000000000000004
1739874002.0548468,0.036000000000000004
1739874002.059683,0.038
1739874002.0645187,0.038
1739874002.0693543,0.036000000000000004
1739874002.0741909,0.036000000000000004
1739874002.0790272,0.036000000000000004
1739874002.0838635,0.036000000000000004
1739874002.0886998,0.036000000000000004
1739874002.093536,0.038
1739874002.0983715,0.038
1739874002.1032069,0.06
1739874002.1080425,0.065
1739874002.1128778,0.065
1739874002.117719,0.067
1739874002.1225545,0.067
1739874002.1273901,0.113
1739874002.1322274,0.113
1739874002.1370633,0.117
1739874002.1418993,0.07100000000000001
1739874002.146736,0.07100000000000001
1739874002.1515718,0.088
1739874002.1564074,0.088
1739874002.1612377,0.096
1739874002.1660726,0.047
1739874002.1709228,0.047
1739874002.1757677,0.036000000000000004
1739874002.180604,0.036000000000000004
1739874002.1854403,0.036000000000000004
1739874002.1902766,0.036000000000000004
1739874002.1951127,0.038
1739874002.1999478,0.036000000000000004
1739874002.2047844,0.036000000000000004
1739874002.2096205,0.037
1739874002.2144554,0.037
1739874002.2192922,0.039
1739874002.2241287,0.039
1739874002.228964,0.038
1739874002.2338023,0.036000000000000004
1739874002.2386396,0.036000000000000004
1739874002.2434762,0.036000000000000004
1739874002.248313,0.036000000000000004
1739874002.253149,0.036000000000000004
1739874002.257985,0.037
1739874002.2628212,0.037
1739874002.2676566,0.036000000000000004
1739874002.272493,0.036000000000000004
1739874002.2773292,0.036000000000000004
1739874002.2821655,0.036000000000000004
1739874002.287002,0.036000000000000004
1739874002.2918382,0.038
1739874002.2966733,0.038
1739874002.301509,0.036000000000000004
1739874002.306345,0.036000000000000004
1739874002.3111815,0.036000000000000004
1739874002.3160174,0.036000000000000004
1739874002.3208535,0.039
1739874002.3256893,0.038
1739874002.3305244,0.038
1739874002.3353617,0.036000000000000004
1739874002.3401985,0.036000000000000004
1739874002.3450353,0.036000000000000004
1739874002.3498716,0.036000000000000004
1739874002.3547077,0.036000000000000004
1739874002.3595438,0.036000000000000004
1739874002.3643806,0.036000000000000004
1739874002.3692176,0.038
1739874002.3740528,0.038
1739874002.3788881,0.036000000000000004
1739874002.3837245,0.036000000000000004
1739874002.388561,0.036000000000000004
1739874002.3933973,0.038
1739874002.398233,0.038
1739874002.4030683,0.036000000000000004
1739874002.4079049,0.036000000000000004
1739874002.4127412,0.036000000000000004
1739874002.4175775,0.058
1739874002.4224129,0.058
1739874002.4272485,0.08
1739874002.432084,0.08
1739874002.4369206,0.059000000000000004
1739874002.441758,0.112
1739874002.4465933,0.112
1739874002.4514287,0.114
1739874002.4562643,0.114
1739874002.4610999,0.091
1739874002.4659355,0.091
