{
    "msm_id": "67ed43e9c045f209793ab90d",
    "aoi_min": 14.386892318725499,
    "aoi_max": 35.740852355956996,
    "aois": [
        {
            "Timestamp": 1743602667.905083,
            "AoI": 20.810842514038
        },
        {
            "Timestamp": 1743602668.005075,
            "AoI": 20.5938816070556
        },
        {
            "Timestamp": 1743602668.105069,
            "AoI": 20.4620361328125
        },
        {
            "Timestamp": 1743602668.205068,
            "AoI": 20.3280448913574
        },
        {
            "Timestamp": 1743602668.305066,
            "AoI": 20.2341079711914
        },
        {
            "Timestamp": 1743602668.409067,
            "AoI": 24.0898132324218
        },
        {
            "Timestamp": 1743602668.505073,
            "AoI": 19.9980735778808
        },
        {
            "Timestamp": 1743602668.605072,
            "AoI": 19.9050903320312
        },
        {
            "Timestamp": 1743602668.704725,
            "AoI": 19.468069076538
        },
        {
            "Timestamp": 1743602668.805065,
            "AoI": 19.7148323059082
        },
        {
            "Timestamp": 1743602668.905064,
            "AoI": 19.6230411529541
        },
        {
            "Timestamp": 1743602669.005065,
            "AoI": 19.5350646972656
        },
        {
            "Timestamp": 1743602669.105067,
            "AoI": 19.442081451415998
        },
        {
            "Timestamp": 1743602669.20907,
            "AoI": 23.355960845947198
        },
        {
            "Timestamp": 1743602669.30507,
            "AoI": 19.2639827728271
        },
        {
            "Timestamp": 1743602669.40507,
            "AoI": 19.206047058105398
        },
        {
            "Timestamp": 1743602669.50507,
            "AoI": 19.1199779510498
        },
        {
            "Timestamp": 1743602669.613073,
            "AoI": 27.0330905914306
        },
        {
            "Timestamp": 1743602669.712125,
            "AoI": 26.0231494903564
        },
        {
            "Timestamp": 1743602669.808603,
            "AoI": 22.4111080169677
        },
        {
            "Timestamp": 1743602669.90907,
            "AoI": 22.7890014648437
        },
        {
            "Timestamp": 1743602670.00907,
            "AoI": 22.688865661621
        },
        {
            "Timestamp": 1743602670.109076,
            "AoI": 22.5830078125
        },
        {
            "Timestamp": 1743602670.20911,
            "AoI": 22.520065307617102
        },
        {
            "Timestamp": 1743602670.309074,
            "AoI": 22.428989410400302
        },
        {
            "Timestamp": 1743602670.408995,
            "AoI": 22.216796875
        },
        {
            "Timestamp": 1743602670.509072,
            "AoI": 22.181987762451097
        },
        {
            "Timestamp": 1743602670.609072,
            "AoI": 22.131919860839798
        },
        {
            "Timestamp": 1743602670.711082,
            "AoI": 24.054050445556598
        },
        {
            "Timestamp": 1743602670.80911,
            "AoI": 21.9929218292236
        },
        {
            "Timestamp": 1743602670.913073,
            "AoI": 25.8991718292236
        },
        {
            "Timestamp": 1743602671.007626,
            "AoI": 20.3700065612792
        },
        {
            "Timestamp": 1743602671.109073,
            "AoI": 21.723985671997
        },
        {
            "Timestamp": 1743602671.209071,
            "AoI": 21.6670036315917
        },
        {
            "Timestamp": 1743602671.307374,
            "AoI": 19.8841094970703
        },
        {
            "Timestamp": 1743602671.409109,
            "AoI": 21.529197692871
        },
        {
            "Timestamp": 1743602671.513074,
            "AoI": 25.4318714141845
        },
        {
            "Timestamp": 1743602671.609075,
            "AoI": 21.310091018676697
        },
        {
            "Timestamp": 1743602671.709077,
            "AoI": 21.204948425292898
        },
        {
            "Timestamp": 1743602671.809078,
            "AoI": 21.101951599121
        },
        {
            "Timestamp": 1743602671.909073,
            "AoI": 21.0120677947998
        },
        {
            "Timestamp": 1743602672.009111,
            "AoI": 20.9200382232666
        },
        {
            "Timestamp": 1743602672.109079,
            "AoI": 20.7898616790771
        },
        {
            "Timestamp": 1743602672.208448,
            "AoI": 20.030021667480398
        },
        {
            "Timestamp": 1743602672.309076,
            "AoI": 20.5111503601074
        },
        {
            "Timestamp": 1743602672.409073,
            "AoI": 20.3831195831298
        },
        {
            "Timestamp": 1743602672.513109,
            "AoI": 24.276018142700103
        },
        {
            "Timestamp": 1743602672.609109,
            "AoI": 20.1818943023681
        },
        {
            "Timestamp": 1743602672.709078,
            "AoI": 20.0250148773193
        },
        {
            "Timestamp": 1743602672.809073,
            "AoI": 19.891023635864197
        },
        {
            "Timestamp": 1743602672.909076,
            "AoI": 19.7598934173584
        },
        {
            "Timestamp": 1743602673.013076,
            "AoI": 23.6520767211914
        },
        {
            "Timestamp": 1743602673.119872,
            "AoI": 30.3070545196533
        },
        {
            "Timestamp": 1743602673.213075,
            "AoI": 23.3709812164306
        },
        {
            "Timestamp": 1743602673.317073,
            "AoI": 27.226209640502898
        },
        {
            "Timestamp": 1743602673.413076,
            "AoI": 23.1330394744873
        },
        {
            "Timestamp": 1743602673.513073,
            "AoI": 22.989034652709897
        },
        {
            "Timestamp": 1743602673.613075,
            "AoI": 22.8509902954101
        },
        {
            "Timestamp": 1743602673.713108,
            "AoI": 22.7530002593994
        },
        {
            "Timestamp": 1743602673.813075,
            "AoI": 22.611141204833903
        },
        {
            "Timestamp": 1743602673.913071,
            "AoI": 22.473812103271403
        },
        {
            "Timestamp": 1743602674.013077,
            "AoI": 22.342920303344698
        },
        {
            "Timestamp": 1743602674.113076,
            "AoI": 22.1970081329345
        },
        {
            "Timestamp": 1743602674.213078,
            "AoI": 22.1021175384521
        },
        {
            "Timestamp": 1743602674.313109,
            "AoI": 21.9929218292236
        },
        {
            "Timestamp": 1743602674.413074,
            "AoI": 21.8169689178466
        },
        {
            "Timestamp": 1743602674.513075,
            "AoI": 21.722078323364197
        },
        {
            "Timestamp": 1743602674.613075,
            "AoI": 21.5849876403808
        },
        {
            "Timestamp": 1743602674.713074,
            "AoI": 21.4428901672363
        },
        {
            "Timestamp": 1743602674.813076,
            "AoI": 21.351099014282198
        },
        {
            "Timestamp": 1743602674.913111,
            "AoI": 21.249055862426697
        },
        {
            "Timestamp": 1743602675.013074,
            "AoI": 21.0449695587158
        },
        {
            "Timestamp": 1743602675.113072,
            "AoI": 20.9019184112548
        },
        {
            "Timestamp": 1743602675.213076,
            "AoI": 20.7681655883789
        },
        {
            "Timestamp": 1743602675.313075,
            "AoI": 20.656108856201097
        },
        {
            "Timestamp": 1743602675.417111,
            "AoI": 24.540901184082
        },
        {
            "Timestamp": 1743602675.513106,
            "AoI": 20.395040512084897
        },
        {
            "Timestamp": 1743602675.613074,
            "AoI": 20.2269554138183
        },
        {
            "Timestamp": 1743602675.712917,
            "AoI": 19.9401378631591
        },
        {
            "Timestamp": 1743602675.813078,
            "AoI": 19.9639797210693
        },
        {
            "Timestamp": 1743602675.913073,
            "AoI": 19.8280811309814
        },
        {
            "Timestamp": 1743602676.013075,
            "AoI": 19.7250843048095
        },
        {
            "Timestamp": 1743602676.113106,
            "AoI": 19.619941711425703
        },
        {
            "Timestamp": 1743602676.213074,
            "AoI": 19.4509029388427
        },
        {
            "Timestamp": 1743602676.313074,
            "AoI": 19.309043884277298
        },
        {
            "Timestamp": 1743602676.413075,
            "AoI": 19.217014312744098
        },
        {
            "Timestamp": 1743602676.513075,
            "AoI": 19.0651416778564
        },
        {
            "Timestamp": 1743602676.613075,
            "AoI": 18.9568996429443
        },
        {
            "Timestamp": 1743602676.713112,
            "AoI": 18.8601016998291
        },
        {
            "Timestamp": 1743602676.817072,
            "AoI": 22.6819515228271
        },
        {
            "Timestamp": 1743602676.913071,
            "AoI": 18.541812896728498
        },
        {
            "Timestamp": 1743602677.013076,
            "AoI": 18.4500217437744
        },
        {
            "Timestamp": 1743602677.121115,
            "AoI": 26.350975036621
        },
        {
            "Timestamp": 1743602677.217108,
            "AoI": 22.2330093383789
        },
        {
            "Timestamp": 1743602677.317614,
            "AoI": 22.6030349731445
        },
        {
            "Timestamp": 1743602677.421072,
            "AoI": 25.923967361450103
        },
        {
            "Timestamp": 1743602677.521073,
            "AoI": 25.813102722167898
        },
        {
            "Timestamp": 1743602677.621074,
            "AoI": 25.676965713500902
        },
        {
            "Timestamp": 1743602677.721111,
            "AoI": 25.5811214447021
        },
        {
            "Timestamp": 1743602677.817185,
            "AoI": 21.512985229492102
        },
        {
            "Timestamp": 1743602677.918649,
            "AoI": 22.8869915008544
        },
        {
            "Timestamp": 1743602678.021071,
            "AoI": 25.1698493957519
        },
        {
            "Timestamp": 1743602678.121072,
            "AoI": 25.061130523681598
        },
        {
            "Timestamp": 1743602678.221074,
            "AoI": 24.930000305175703
        },
        {
            "Timestamp": 1743602678.321109,
            "AoI": 24.8279571533203
        },
        {
            "Timestamp": 1743602678.417187,
            "AoI": 20.7960605621337
        },
        {
            "Timestamp": 1743602678.518606,
            "AoI": 22.0639705657959
        },
        {
            "Timestamp": 1743602678.621084,
            "AoI": 24.399995803833
        },
        {
            "Timestamp": 1743602678.721073,
            "AoI": 24.282932281494098
        },
        {
            "Timestamp": 1743602678.821073,
            "AoI": 24.1470336914062
        },
        {
            "Timestamp": 1743602678.921072,
            "AoI": 24.013042449951097
        },
        {
            "Timestamp": 1743602679.017173,
            "AoI": 19.974946975708
        },
        {
            "Timestamp": 1743602679.119227,
            "AoI": 21.894931793212802
        },
        {
            "Timestamp": 1743602679.22107,
            "AoI": 23.602962493896403
        },
        {
            "Timestamp": 1743602679.321069,
            "AoI": 23.494005203247
        },
        {
            "Timestamp": 1743602679.42107,
            "AoI": 23.3571529388427
        },
        {
            "Timestamp": 1743602679.521074,
            "AoI": 23.221969604492102
        },
        {
            "Timestamp": 1743602679.617183,
            "AoI": 19.1938877105712
        },
        {
            "Timestamp": 1743602679.720326,
            "AoI": 22.2339630126953
        },
        {
            "Timestamp": 1743602679.821073,
            "AoI": 22.840023040771403
        },
        {
            "Timestamp": 1743602679.921071,
            "AoI": 22.703170776367102
        },
        {
            "Timestamp": 1743602680.021073,
            "AoI": 22.5660800933837
        },
        {
            "Timestamp": 1743602680.125075,
            "AoI": 26.4279842376709
        },
        {
            "Timestamp": 1743602680.221077,
            "AoI": 22.336959838867102
        },
        {
            "Timestamp": 1743602680.318667,
            "AoI": 19.7889804840087
        },
        {
            "Timestamp": 1743602680.425084,
            "AoI": 26.0980129241943
        },
        {
            "Timestamp": 1743602680.521072,
            "AoI": 21.9438076019287
        },
        {
            "Timestamp": 1743602680.625072,
            "AoI": 25.8059501647949
        },
        {
            "Timestamp": 1743602680.721073,
            "AoI": 21.6648578643798
        },
        {
            "Timestamp": 1743602680.821074,
            "AoI": 21.5721130371093
        },
        {
            "Timestamp": 1743602680.919249,
            "AoI": 19.6139812469482
        },
        {
            "Timestamp": 1743602681.025065,
            "AoI": 25.2928733825683
        },
        {
            "Timestamp": 1743602681.125065,
            "AoI": 25.1591205596923
        },
        {
            "Timestamp": 1743602681.225065,
            "AoI": 25.0239372253417
        },
        {
            "Timestamp": 1743602681.325075,
            "AoI": 24.899959564208903
        },
        {
            "Timestamp": 1743602681.429073,
            "AoI": 28.7630558013916
        },
        {
            "Timestamp": 1743602681.525072,
            "AoI": 24.6551036834716
        },
        {
            "Timestamp": 1743602681.625075,
            "AoI": 24.5051383972167
        },
        {
            "Timestamp": 1743602681.725075,
            "AoI": 24.3699550628662
        },
        {
            "Timestamp": 1743602681.825072,
            "AoI": 24.2321491241455
        },
        {
            "Timestamp": 1743602681.925074,
            "AoI": 24.1022109985351
        },
        {
            "Timestamp": 1743602682.02324,
            "AoI": 22.1590995788574
        },
        {
            "Timestamp": 1743602682.125066,
            "AoI": 23.8521099090576
        },
        {
            "Timestamp": 1743602682.225064,
            "AoI": 23.7131118774414
        },
        {
            "Timestamp": 1743602682.325065,
            "AoI": 23.572921752929602
        },
        {
            "Timestamp": 1743602682.421085,
            "AoI": 19.495964050292898
        },
        {
            "Timestamp": 1743602682.525069,
            "AoI": 23.3008861541748
        },
        {
            "Timestamp": 1743602682.624182,
            "AoI": 22.2899913787841
        },
        {
            "Timestamp": 1743602682.725074,
            "AoI": 23.0441093444824
        },
        {
            "Timestamp": 1743602682.829068,
            "AoI": 26.9000530242919
        },
        {
            "Timestamp": 1743602682.925076,
            "AoI": 22.7699279785156
        },
        {
            "Timestamp": 1743602683.025109,
            "AoI": 22.6609706878662
        },
        {
            "Timestamp": 1743602683.125076,
            "AoI": 22.4940776824951
        },
        {
            "Timestamp": 1743602683.224285,
            "AoI": 21.566867828369098
        },
        {
            "Timestamp": 1743602683.325073,
            "AoI": 22.2210884094238
        },
        {
            "Timestamp": 1743602683.421078,
            "AoI": 18.090963363647397
        },
        {
            "Timestamp": 1743602683.529113,
            "AoI": 26.010990142822198
        },
        {
            "Timestamp": 1743602683.62511,
            "AoI": 21.872997283935497
        },
        {
            "Timestamp": 1743602683.725077,
            "AoI": 21.7030048370361
        },
        {
            "Timestamp": 1743602683.823891,
            "AoI": 20.4060077667236
        },
        {
            "Timestamp": 1743602683.925075,
            "AoI": 21.4540958404541
        },
        {
            "Timestamp": 1743602684.025073,
            "AoI": 21.307945251464798
        },
        {
            "Timestamp": 1743602684.125074,
            "AoI": 21.206855773925703
        },
        {
            "Timestamp": 1743602684.225111,
            "AoI": 21.112918853759698
        },
        {
            "Timestamp": 1743602684.325076,
            "AoI": 20.9400653839111
        },
        {
            "Timestamp": 1743602684.425074,
            "AoI": 20.806074142455998
        },
        {
            "Timestamp": 1743602684.525075,
            "AoI": 20.6689834594726
        },
        {
            "Timestamp": 1743602684.631082,
            "AoI": 26.533126831054602
        },
        {
            "Timestamp": 1743602684.72911,
            "AoI": 24.4290828704834
        },
        {
            "Timestamp": 1743602684.829083,
            "AoI": 24.2669582366943
        },
        {
            "Timestamp": 1743602684.929074,
            "AoI": 24.146080017089798
        },
        {
            "Timestamp": 1743602685.029076,
            "AoI": 24.012088775634698
        },
        {
            "Timestamp": 1743602685.133075,
            "AoI": 27.8689861297607
        },
        {
            "Timestamp": 1743602685.233109,
            "AoI": 27.7919769287109
        },
        {
            "Timestamp": 1743602685.329109,
            "AoI": 23.6580371856689
        },
        {
            "Timestamp": 1743602685.429077,
            "AoI": 23.4889984130859
        },
        {
            "Timestamp": 1743602685.533097,
            "AoI": 27.4031162261962
        },
        {
            "Timestamp": 1743602685.629085,
            "AoI": 23.2541561126709
        },
        {
            "Timestamp": 1743602685.729084,
            "AoI": 23.082971572875902
        },
        {
            "Timestamp": 1743602685.831086,
            "AoI": 24.960994720458903
        },
        {
            "Timestamp": 1743602685.929115,
            "AoI": 22.845983505249
        },
        {
            "Timestamp": 1743602686.029082,
            "AoI": 22.6650238037109
        },
        {
            "Timestamp": 1743602686.129076,
            "AoI": 22.5119590759277
        },
        {
            "Timestamp": 1743602686.229075,
            "AoI": 22.3720073699951
        },
        {
            "Timestamp": 1743602686.329074,
            "AoI": 22.2358703613281
        },
        {
            "Timestamp": 1743602686.429073,
            "AoI": 22.0990180969238
        },
        {
            "Timestamp": 1743602686.529108,
            "AoI": 21.9960212707519
        },
        {
            "Timestamp": 1743602686.629079,
            "AoI": 21.8541622161865
        },
        {
            "Timestamp": 1743602686.729075,
            "AoI": 21.7149257659912
        },
        {
            "Timestamp": 1743602686.829073,
            "AoI": 21.575927734375
        },
        {
            "Timestamp": 1743602686.929078,
            "AoI": 21.4722156524658
        },
        {
            "Timestamp": 1743602687.031082,
            "AoI": 23.337841033935497
        },
        {
            "Timestamp": 1743602687.129109,
            "AoI": 21.2249755859375
        },
        {
            "Timestamp": 1743602687.233075,
            "AoI": 25.0849723815917
        },
        {
            "Timestamp": 1743602687.327445,
            "AoI": 19.3190574645996
        },
        {
            "Timestamp": 1743602687.42908,
            "AoI": 20.8160877227783
        },
        {
            "Timestamp": 1743602687.529076,
            "AoI": 20.7030773162841
        },
        {
            "Timestamp": 1743602687.629073,
            "AoI": 20.550012588500902
        },
        {
            "Timestamp": 1743602687.729111,
            "AoI": 20.4489231109619
        },
        {
            "Timestamp": 1743602687.827663,
            "AoI": 18.888950347900302
        },
        {
            "Timestamp": 1743602687.92907,
            "AoI": 20.160913467407198
        },
        {
            "Timestamp": 1743602688.029068,
            "AoI": 20.015001296997
        },
        {
            "Timestamp": 1743602688.129074,
            "AoI": 19.8872089385986
        },
        {
            "Timestamp": 1743602688.231082,
            "AoI": 21.7628479003906
        },
        {
            "Timestamp": 1743602688.333075,
            "AoI": 23.6210823059082
        },
        {
            "Timestamp": 1743602688.433075,
            "AoI": 23.478031158447198
        },
        {
            "Timestamp": 1743602688.545113,
            "AoI": 35.322189331054595
        },
        {
            "Timestamp": 1743602688.633073,
            "AoI": 23.127079010009698
        },
        {
            "Timestamp": 1743602688.737187,
            "AoI": 27.088880538940398
        },
        {
            "Timestamp": 1743602688.833107,
            "AoI": 22.8641033172607
        },
        {
            "Timestamp": 1743602688.929109,
            "AoI": 18.726110458374
        },
        {
            "Timestamp": 1743602689.033072,
            "AoI": 22.532939910888597
        },
        {
            "Timestamp": 1743602689.133074,
            "AoI": 22.393941879272397
        },
        {
            "Timestamp": 1743602689.23308,
            "AoI": 22.2489833831787
        },
        {
            "Timestamp": 1743602689.337183,
            "AoI": 26.2548923492431
        },
        {
            "Timestamp": 1743602689.433109,
            "AoI": 22.0410823822021
        },
        {
            "Timestamp": 1743602689.533075,
            "AoI": 21.8961238861084
        },
        {
            "Timestamp": 1743602689.633075,
            "AoI": 21.7640399932861
        },
        {
            "Timestamp": 1743602689.733093,
            "AoI": 21.6450691223144
        },
        {
            "Timestamp": 1743602689.833082,
            "AoI": 21.498918533325103
        },
        {
            "Timestamp": 1743602689.93719,
            "AoI": 25.470972061157198
        },
        {
            "Timestamp": 1743602690.03311,
            "AoI": 21.2538242340087
        },
        {
            "Timestamp": 1743602690.141076,
            "AoI": 29.0451049804687
        },
        {
            "Timestamp": 1743602690.241073,
            "AoI": 28.9018154144287
        },
        {
            "Timestamp": 1743602690.333077,
            "AoI": 20.7669734954834
        },
        {
            "Timestamp": 1743602690.441113,
            "AoI": 28.708934783935497
        },
        {
            "Timestamp": 1743602690.533077,
            "AoI": 20.52903175354
        },
        {
            "Timestamp": 1743602690.633106,
            "AoI": 20.4479694366455
        },
        {
            "Timestamp": 1743602690.73237,
            "AoI": 19.5817947387695
        },
        {
            "Timestamp": 1743602690.833077,
            "AoI": 20.1790332794189
        },
        {
            "Timestamp": 1743602690.933077,
            "AoI": 20.0459957122802
        },
        {
            "Timestamp": 1743602691.033075,
            "AoI": 19.9100971221923
        },
        {
            "Timestamp": 1743602691.133075,
            "AoI": 19.7970867156982
        },
        {
            "Timestamp": 1743602691.233109,
            "AoI": 19.6919441223144
        },
        {
            "Timestamp": 1743602691.333074,
            "AoI": 19.5190906524658
        },
        {
            "Timestamp": 1743602691.433075,
            "AoI": 19.3760395050048
        },
        {
            "Timestamp": 1743602691.533107,
            "AoI": 19.299983978271403
        },
        {
            "Timestamp": 1743602691.641148,
            "AoI": 27.1971225738525
        },
        {
            "Timestamp": 1743602691.733095,
            "AoI": 18.8958644866943
        },
        {
            "Timestamp": 1743602691.839362,
            "AoI": 24.932861328125
        },
        {
            "Timestamp": 1743602691.941079,
            "AoI": 26.462793350219698
        },
        {
            "Timestamp": 1743602692.041078,
            "AoI": 26.3111591339111
        },
        {
            "Timestamp": 1743602692.141078,
            "AoI": 26.1509418487548
        },
        {
            "Timestamp": 1743602692.241113,
            "AoI": 26.041984558105398
        },
        {
            "Timestamp": 1743602692.34108,
            "AoI": 25.864839553833
        },
        {
            "Timestamp": 1743602692.439615,
            "AoI": 24.241924285888597
        },
        {
            "Timestamp": 1743602692.537709,
            "AoI": 22.181034088134698
        },
        {
            "Timestamp": 1743602692.645076,
            "AoI": 29.443025588989197
        },
        {
            "Timestamp": 1743602692.741078,
            "AoI": 25.2928733825683
        },
        {
            "Timestamp": 1743602692.841113,
            "AoI": 25.1801013946533
        },
        {
            "Timestamp": 1743602692.941079,
            "AoI": 25.048971176147397
        },
        {
            "Timestamp": 1743602693.040396,
            "AoI": 24.2300033569335
        },
        {
            "Timestamp": 1743602693.138018,
            "AoI": 21.7039585113525
        },
        {
            "Timestamp": 1743602693.241074,
            "AoI": 24.662971496582
        },
        {
            "Timestamp": 1743602693.341074,
            "AoI": 24.5399475097656
        },
        {
            "Timestamp": 1743602693.44111,
            "AoI": 24.4548320770263
        },
        {
            "Timestamp": 1743602693.541079,
            "AoI": 24.320125579833903
        },
        {
            "Timestamp": 1743602693.638034,
            "AoI": 21.188020706176697
        },
        {
            "Timestamp": 1743602693.741072,
            "AoI": 24.1420269012451
        },
        {
            "Timestamp": 1743602693.841074,
            "AoI": 24.0619182586669
        },
        {
            "Timestamp": 1743602693.941074,
            "AoI": 23.9758491516113
        },
        {
            "Timestamp": 1743602694.041109,
            "AoI": 23.9291191101074
        },
        {
            "Timestamp": 1743602694.141079,
            "AoI": 23.810863494872997
        },
        {
            "Timestamp": 1743602694.238871,
            "AoI": 21.5191841125488
        },
        {
            "Timestamp": 1743602694.34107,
            "AoI": 23.629903793334897
        },
        {
            "Timestamp": 1743602694.445073,
            "AoI": 27.5158882141113
        },
        {
            "Timestamp": 1743602694.541073,
            "AoI": 23.3590602874755
        },
        {
            "Timestamp": 1743602694.641111,
            "AoI": 23.29683303833
        },
        {
            "Timestamp": 1743602694.741078,
            "AoI": 23.1769084930419
        },
        {
            "Timestamp": 1743602694.838774,
            "AoI": 20.7889080047607
        },
        {
            "Timestamp": 1743602694.945073,
            "AoI": 27.0049571990966
        },
        {
            "Timestamp": 1743602695.041074,
            "AoI": 22.9251384735107
        },
        {
            "Timestamp": 1743602695.141074,
            "AoI": 22.8350162506103
        },
        {
            "Timestamp": 1743602695.241107,
            "AoI": 22.7808952331542
        },
        {
            "Timestamp": 1743602695.341078,
            "AoI": 22.6690769195556
        },
        {
            "Timestamp": 1743602695.438282,
            "AoI": 19.7880268096923
        },
        {
            "Timestamp": 1743602695.541071,
            "AoI": 22.4928855895996
        },
        {
            "Timestamp": 1743602695.641076,
            "AoI": 22.4161148071289
        },
        {
            "Timestamp": 1743602695.745152,
            "AoI": 26.410102844238203
        },
        {
            "Timestamp": 1743602695.837274,
            "AoI": 18.4509754180908
        },
        {
            "Timestamp": 1743602695.941084,
            "AoI": 22.1738815307617
        },
        {
            "Timestamp": 1743602696.038273,
            "AoI": 19.2821025848388
        },
        {
            "Timestamp": 1743602696.141073,
            "AoI": 21.995067596435497
        },
        {
            "Timestamp": 1743602696.241076,
            "AoI": 21.914005279540998
        },
        {
            "Timestamp": 1743602696.341074,
            "AoI": 21.828889846801697
        },
        {
            "Timestamp": 1743602696.445077,
            "AoI": 25.7458686828613
        },
        {
            "Timestamp": 1743602696.537181,
            "AoI": 17.7428722381591
        },
        {
            "Timestamp": 1743602696.639321,
            "AoI": 19.7651386260986
        },
        {
            "Timestamp": 1743602696.741072,
            "AoI": 21.416902542114197
        },
        {
            "Timestamp": 1743602696.841073,
            "AoI": 21.3320255279541
        },
        {
            "Timestamp": 1743602696.949078,
            "AoI": 29.2510986328125
        },
        {
            "Timestamp": 1743602697.045076,
            "AoI": 25.165796279907198
        },
        {
            "Timestamp": 1743602697.142446,
            "AoI": 22.4471092224121
        },
        {
            "Timestamp": 1743602697.245072,
            "AoI": 24.987936019897397
        },
        {
            "Timestamp": 1743602697.345072,
            "AoI": 24.9030590057373
        },
        {
            "Timestamp": 1743602697.445075,
            "AoI": 24.807929992675703
        },
        {
            "Timestamp": 1743602697.545112,
            "AoI": 24.7378349304199
        },
        {
            "Timestamp": 1743602697.645078,
            "AoI": 24.6069431304931
        },
        {
            "Timestamp": 1743602697.745074,
            "AoI": 24.518013000488203
        },
        {
            "Timestamp": 1743602697.849075,
            "AoI": 28.4349918365478
        },
        {
            "Timestamp": 1743602697.945073,
            "AoI": 24.3518352508544
        },
        {
            "Timestamp": 1743602698.045074,
            "AoI": 24.2691040039062
        },
        {
            "Timestamp": 1743602698.145109,
            "AoI": 24.2140293121337
        },
        {
            "Timestamp": 1743602698.249074,
            "AoI": 28.095006942749
        },
        {
            "Timestamp": 1743602698.342163,
            "AoI": 21.102190017700103
        },
        {
            "Timestamp": 1743602698.445073,
            "AoI": 23.9248275756835
        },
        {
            "Timestamp": 1743602698.549072,
            "AoI": 27.822971343994098
        },
        {
            "Timestamp": 1743602698.649109,
            "AoI": 27.7669429779052
        },
        {
            "Timestamp": 1743602698.74511,
            "AoI": 23.6830711364746
        },
        {
            "Timestamp": 1743602698.845079,
            "AoI": 23.570060729980398
        },
        {
            "Timestamp": 1743602698.949072,
            "AoI": 27.4808406829834
        },
        {
            "Timestamp": 1743602699.045072,
            "AoI": 23.400068283080998
        },
        {
            "Timestamp": 1743602699.145073,
            "AoI": 23.3149528503417
        },
        {
            "Timestamp": 1743602699.245072,
            "AoI": 23.2307910919189
        },
        {
            "Timestamp": 1743602699.345112,
            "AoI": 23.1900215148925
        },
        {
            "Timestamp": 1743602699.445076,
            "AoI": 23.0700969696044
        },
        {
            "Timestamp": 1743602699.549086,
            "AoI": 26.9980430603027
        },
        {
            "Timestamp": 1743602699.645072,
            "AoI": 22.902011871337802
        },
        {
            "Timestamp": 1743602699.745071,
            "AoI": 22.819042205810497
        },
        {
            "Timestamp": 1743602699.845071,
            "AoI": 22.737979888915998
        },
        {
            "Timestamp": 1743602699.945066,
            "AoI": 22.6519107818603
        },
        {
            "Timestamp": 1743602700.045072,
            "AoI": 22.5720405578613
        },
        {
            "Timestamp": 1743602700.142461,
            "AoI": 19.8590755462646
        },
        {
            "Timestamp": 1743602700.245072,
            "AoI": 22.3829746246337
        },
        {
            "Timestamp": 1743602700.345073,
            "AoI": 22.3009586334228
        },
        {
            "Timestamp": 1743602700.445073,
            "AoI": 22.195816040039
        },
        {
            "Timestamp": 1743602700.545163,
            "AoI": 22.153854370117102
        },
        {
            "Timestamp": 1743602700.645075,
            "AoI": 21.9650268554687
        },
        {
            "Timestamp": 1743602700.742213,
            "AoI": 19.016981124877898
        },
        {
            "Timestamp": 1743602700.845076,
            "AoI": 21.7971801757812
        },
        {
            "Timestamp": 1743602700.945073,
            "AoI": 21.711826324462802
        },
        {
            "Timestamp": 1743602701.045074,
            "AoI": 21.6329097747802
        },
        {
            "Timestamp": 1743602701.145159,
            "AoI": 21.631002426147397
        },
        {
            "Timestamp": 1743602701.245074,
            "AoI": 21.461009979247997
        },
        {
            "Timestamp": 1743602701.349072,
            "AoI": 25.3770351409912
        },
        {
            "Timestamp": 1743602701.451078,
            "AoI": 27.2979736328125
        },
        {
            "Timestamp": 1743602701.549073,
            "AoI": 25.2110958099365
        },
        {
            "Timestamp": 1743602701.645101,
            "AoI": 21.157979965209897
        },
        {
            "Timestamp": 1743602701.74513,
            "AoI": 21.0890769958496
        },
        {
            "Timestamp": 1743602701.845081,
            "AoI": 20.8621025085449
        },
        {
            "Timestamp": 1743602701.942219,
            "AoI": 17.8980827331542
        },
        {
            "Timestamp": 1743602702.051084,
            "AoI": 26.6730785369873
        },
        {
            "Timestamp": 1743602702.149076,
            "AoI": 24.5609283447265
        },
        {
            "Timestamp": 1743602702.245076,
            "AoI": 20.472049713134698
        },
        {
            "Timestamp": 1743602702.35108,
            "AoI": 26.3898372650146
        },
        {
            "Timestamp": 1743602702.45108,
            "AoI": 26.2989997863769
        },
        {
            "Timestamp": 1743602702.55108,
            "AoI": 26.1869430541992
        },
        {
            "Timestamp": 1743602702.649076,
            "AoI": 24.082899093627898
        },
        {
            "Timestamp": 1743602702.749078,
            "AoI": 23.9989757537841
        },
        {
            "Timestamp": 1743602702.849149,
            "AoI": 23.986101150512603
        },
        {
            "Timestamp": 1743602702.951079,
            "AoI": 25.8328914642334
        },
        {
            "Timestamp": 1743602703.061071,
            "AoI": 35.740852355956996
        },
        {
            "Timestamp": 1743602703.151076,
            "AoI": 25.663137435913
        },
        {
            "Timestamp": 1743602703.251076,
            "AoI": 25.568962097167898
        },
        {
            "Timestamp": 1743602703.349071,
            "AoI": 23.4689712524414
        },
        {
            "Timestamp": 1743602703.44915,
            "AoI": 23.4370231628417
        },
        {
            "Timestamp": 1743602703.551077,
            "AoI": 25.256872177124
        },
        {
            "Timestamp": 1743602703.651075,
            "AoI": 25.1479148864746
        },
        {
            "Timestamp": 1743602703.751076,
            "AoI": 25.042057037353498
        },
        {
            "Timestamp": 1743602703.849067,
            "AoI": 22.927045822143498
        },
        {
            "Timestamp": 1743602703.949068,
            "AoI": 22.825002670288
        },
        {
            "Timestamp": 1743602704.049138,
            "AoI": 22.7861404418945
        },
        {
            "Timestamp": 1743602704.149072,
            "AoI": 22.6149559020996
        },
        {
            "Timestamp": 1743602704.247803,
            "AoI": 21.2268829345703
        },
        {
            "Timestamp": 1743602704.341076,
            "AoI": 14.386892318725499
        }
    ]
}