{
    "msm_id": "67ed385cc045f209793ab8ea",
    "aoi_min": 20.0068950653076,
    "aoi_max": 40.6229496002197,
    "aois": [
        {
            "Timestamp": 1743599710.625171,
            "AoI": 32.069921493530195
        },
        {
            "Timestamp": 1743599711.631085,
            "AoI": 37.7650260925293
        },
        {
            "Timestamp": 1743599712.63109,
            "AoI": 37.6269817352294
        },
        {
            "Timestamp": 1743599713.625168,
            "AoI": 31.548976898193295
        },
        {
            "Timestamp": 1743599714.631094,
            "AoI": 37.3098850250244
        },
        {
            "Timestamp": 1743599715.631091,
            "AoI": 37.1561050415039
        },
        {
            "Timestamp": 1743599716.625165,
            "AoI": 31.0759544372558
        },
        {
            "Timestamp": 1743599717.616121,
            "AoI": 21.885156631469698
        },
        {
            "Timestamp": 1743599718.621344,
            "AoI": 26.9601345062255
        },
        {
            "Timestamp": 1743599719.625169,
            "AoI": 30.638933181762603
        },
        {
            "Timestamp": 1743599720.631095,
            "AoI": 35.984992980956996
        },
        {
            "Timestamp": 1743599721.63109,
            "AoI": 35.8319282531738
        },
        {
            "Timestamp": 1743599722.62517,
            "AoI": 29.7648906707763
        },
        {
            "Timestamp": 1743599723.631086,
            "AoI": 35.5441570281982
        },
        {
            "Timestamp": 1743599724.622498,
            "AoI": 26.8080234527587
        },
        {
            "Timestamp": 1743599725.625169,
            "AoI": 29.3290615081787
        },
        {
            "Timestamp": 1743599726.63109,
            "AoI": 35.0909233093261
        },
        {
            "Timestamp": 1743599727.623126,
            "AoI": 26.973962783813402
        },
        {
            "Timestamp": 1743599728.625167,
            "AoI": 28.8670063018798
        },
        {
            "Timestamp": 1743599729.631083,
            "AoI": 34.6400737762451
        },
        {
            "Timestamp": 1743599730.623971,
            "AoI": 27.3780822753906
        },
        {
            "Timestamp": 1743599731.625169,
            "AoI": 28.438091278076097
        },
        {
            "Timestamp": 1743599732.622691,
            "AoI": 25.803804397583
        },
        {
            "Timestamp": 1743599733.63109,
            "AoI": 33.533811569213796
        },
        {
            "Timestamp": 1743599734.625175,
            "AoI": 27.4798870086669
        },
        {
            "Timestamp": 1743599735.631088,
            "AoI": 33.257007598876896
        },
        {
            "Timestamp": 1743599736.626909,
            "AoI": 28.9409160614013
        },
        {
            "Timestamp": 1743599737.625169,
            "AoI": 26.5810489654541
        },
        {
            "Timestamp": 1743599738.631085,
            "AoI": 32.361984252929595
        },
        {
            "Timestamp": 1743599739.621828,
            "AoI": 22.974967956542898
        },
        {
            "Timestamp": 1743599740.625164,
            "AoI": 26.181936264038
        },
        {
            "Timestamp": 1743599741.631084,
            "AoI": 31.970977783203097
        },
        {
            "Timestamp": 1743599742.630954,
            "AoI": 31.18896484375
        },
        {
            "Timestamp": 1743599743.625167,
            "AoI": 25.263786315917898
        },
        {
            "Timestamp": 1743599744.633179,
            "AoI": 33.1268310546875
        },
        {
            "Timestamp": 1743599745.629082,
            "AoI": 28.8870334625244
        },
        {
            "Timestamp": 1743599746.629078,
            "AoI": 28.7418365478515
        },
        {
            "Timestamp": 1743599747.625078,
            "AoI": 24.6028900146484
        },
        {
            "Timestamp": 1743599748.628661,
            "AoI": 28.0489921569824
        },
        {
            "Timestamp": 1743599749.625105,
            "AoI": 24.3518352508544
        },
        {
            "Timestamp": 1743599750.625086,
            "AoI": 24.19114112854
        },
        {
            "Timestamp": 1743599751.624203,
            "AoI": 23.1678485870361
        },
        {
            "Timestamp": 1743599752.62515,
            "AoI": 23.9758491516113
        },
        {
            "Timestamp": 1743599753.633154,
            "AoI": 31.8398475646972
        },
        {
            "Timestamp": 1743599754.626154,
            "AoI": 24.271011352539
        },
        {
            "Timestamp": 1743599755.62517,
            "AoI": 23.1459140777587
        },
        {
            "Timestamp": 1743599756.633186,
            "AoI": 31.0101509094238
        },
        {
            "Timestamp": 1743599757.629085,
            "AoI": 26.7541408538818
        },
        {
            "Timestamp": 1743599758.625177,
            "AoI": 22.7048397064209
        },
        {
            "Timestamp": 1743599759.629083,
            "AoI": 26.4728069305419
        },
        {
            "Timestamp": 1743599760.629084,
            "AoI": 26.117086410522397
        },
        {
            "Timestamp": 1743599761.62518,
            "AoI": 22.0639705657959
        },
        {
            "Timestamp": 1743599762.629089,
            "AoI": 25.8300304412841
        },
        {
            "Timestamp": 1743599763.637089,
            "AoI": 33.6880683898925
        },
        {
            "Timestamp": 1743599764.625179,
            "AoI": 21.6331481933593
        },
        {
            "Timestamp": 1743599765.629084,
            "AoI": 25.3942012786865
        },
        {
            "Timestamp": 1743599766.629084,
            "AoI": 25.2511501312255
        },
        {
            "Timestamp": 1743599767.625175,
            "AoI": 21.2020874023437
        },
        {
            "Timestamp": 1743599768.629087,
            "AoI": 24.967908859252898
        },
        {
            "Timestamp": 1743599769.629085,
            "AoI": 24.825096130371
        },
        {
            "Timestamp": 1743599770.629088,
            "AoI": 24.6899127960205
        },
        {
            "Timestamp": 1743599771.629078,
            "AoI": 24.240970611572198
        },
        {
            "Timestamp": 1743599772.62908,
            "AoI": 24.1031646728515
        },
        {
            "Timestamp": 1743599773.637082,
            "AoI": 31.961202621459897
        },
        {
            "Timestamp": 1743599774.633169,
            "AoI": 27.9028415679931
        },
        {
            "Timestamp": 1743599775.629085,
            "AoI": 23.678064346313402
        },
        {
            "Timestamp": 1743599776.629086,
            "AoI": 23.5469341278076
        },
        {
            "Timestamp": 1743599777.629081,
            "AoI": 23.4060287475585
        },
        {
            "Timestamp": 1743599778.62908,
            "AoI": 23.268938064575103
        },
        {
            "Timestamp": 1743599779.64508,
            "AoI": 39.1311645507812
        },
        {
            "Timestamp": 1743599780.631087,
            "AoI": 24.8329639434814
        },
        {
            "Timestamp": 1743599781.629081,
            "AoI": 22.689104080200103
        },
        {
            "Timestamp": 1743599782.629081,
            "AoI": 22.543907165527298
        },
        {
            "Timestamp": 1743599783.631095,
            "AoI": 24.1780281066894
        },
        {
            "Timestamp": 1743599784.629083,
            "AoI": 22.0279693603515
        },
        {
            "Timestamp": 1743599785.629083,
            "AoI": 21.889925003051697
        },
        {
            "Timestamp": 1743599786.631095,
            "AoI": 23.7610340118408
        },
        {
            "Timestamp": 1743599787.629083,
            "AoI": 21.618843078613203
        },
        {
            "Timestamp": 1743599788.629085,
            "AoI": 21.4841365814209
        },
        {
            "Timestamp": 1743599789.631088,
            "AoI": 23.3480930328369
        },
        {
            "Timestamp": 1743599790.641169,
            "AoI": 32.8700542449951
        },
        {
            "Timestamp": 1743599791.649167,
            "AoI": 40.6229496002197
        },
        {
            "Timestamp": 1743599792.631088,
            "AoI": 22.3591327667236
        },
        {
            "Timestamp": 1743599793.630074,
            "AoI": 21.1760997772216
        },
        {
            "Timestamp": 1743599794.631085,
            "AoI": 22.0198631286621
        },
        {
            "Timestamp": 1743599795.63689,
            "AoI": 27.6648998260498
        },
        {
            "Timestamp": 1743599796.629385,
            "AoI": 20.0068950653076
        },
        {
            "Timestamp": 1743599797.64917,
            "AoI": 39.6459102630615
        },
        {
            "Timestamp": 1743599798.63825,
            "AoI": 28.559207916259698
        },
        {
            "Timestamp": 1743599799.641174,
            "AoI": 31.331062316894496
        },
        {
            "Timestamp": 1743599800.649169,
            "AoI": 39.174079895019496
        },
        {
            "Timestamp": 1743599801.63317,
            "AoI": 23.0259895324707
        },
        {
            "Timestamp": 1743599802.641162,
            "AoI": 30.8749675750732
        }
    ]
}